paramN,a,b,c,H,V,m ,gamma,mu,R0,Persist
1,0.3,0.1,0.08,100,100,1,0.25,0.1,0.169705627,FALSE
2,0.3,0.1,0.08,100,100,1,0.25,0.3,0.09797959,FALSE
3,0.3,0.1,0.08,100,100,1,0.01,0.1,0.848528137,FALSE
4,0.3,0.1,0.08,100,100,1,0.01,0.3,0.489897949,FALSE
5,0.3,0.1,0.08,100,100,1,0.005,0.1,1.2,TRUE
6,0.3,0.1,0.08,100,100,1,0.005,0.3,0.692820323,FALSE
7,0.3,0.1,0.08,100,250,2.5,0.25,0.1,0.268328157,FALSE
8,0.3,0.1,0.08,100,250,2.5,0.25,0.3,0.154919334,FALSE
9,0.3,0.1,0.08,100,250,2.5,0.01,0.1,1.341640786,TRUE
10,0.3,0.1,0.08,100,250,2.5,0.01,0.3,0.774596669,FALSE
11,0.3,0.1,0.08,100,250,2.5,0.005,0.1,1.897366596,TRUE
12,0.3,0.1,0.08,100,250,2.5,0.005,0.3,1.095445115,TRUE
13,0.3,0.1,0.08,100,700,7,0.25,0.1,0.448998886,FALSE
14,0.3,0.1,0.08,100,700,7,0.25,0.3,0.259229628,FALSE
15,0.3,0.1,0.08,100,700,7,0.01,0.1,2.244994432,TRUE
16,0.3,0.1,0.08,100,700,7,0.01,0.3,1.29614814,TRUE
17,0.3,0.1,0.08,100,700,7,0.005,0.1,3.174901573,TRUE
18,0.3,0.1,0.08,100,700,7,0.005,0.3,1.833030278,TRUE
19,0.3,0.1,0.08,100,1000,10,0.25,0.1,0.536656315,FALSE
20,0.3,0.1,0.08,100,1000,10,0.25,0.3,0.309838668,FALSE
21,0.3,0.1,0.08,100,1000,10,0.01,0.1,2.683281573,TRUE
22,0.3,0.1,0.08,100,1000,10,0.01,0.3,1.549193338,TRUE
23,0.3,0.1,0.08,100,1000,10,0.005,0.1,3.794733192,TRUE
24,0.3,0.1,0.08,100,1000,10,0.005,0.3,2.19089023,TRUE
25,0.3,0.1,0.08,780,780,1,0.25,0.1,0.169705627,FALSE
26,0.3,0.1,0.08,780,780,1,0.25,0.3,0.09797959,FALSE
27,0.3,0.1,0.08,780,780,1,0.01,0.1,0.848528137,FALSE
28,0.3,0.1,0.08,780,780,1,0.01,0.3,0.489897949,FALSE
29,0.3,0.1,0.08,780,780,1,0.005,0.1,1.2,TRUE
30,0.3,0.1,0.08,780,780,1,0.005,0.3,0.692820323,FALSE
31,0.3,0.1,0.08,780,1950,2.5,0.25,0.1,0.268328157,FALSE
32,0.3,0.1,0.08,780,1950,2.5,0.25,0.3,0.154919334,FALSE
33,0.3,0.1,0.08,780,1950,2.5,0.01,0.1,1.341640786,TRUE
34,0.3,0.1,0.08,780,1950,2.5,0.01,0.3,0.774596669,FALSE
35,0.3,0.1,0.08,780,1950,2.5,0.005,0.1,1.897366596,TRUE
36,0.3,0.1,0.08,780,1950,2.5,0.005,0.3,1.095445115,TRUE
37,0.3,0.1,0.08,780,5460,7,0.25,0.1,0.448998886,FALSE
38,0.3,0.1,0.08,780,5460,7,0.25,0.3,0.259229628,FALSE
39,0.3,0.1,0.08,780,5460,7,0.01,0.1,2.244994432,TRUE
40,0.3,0.1,0.08,780,5460,7,0.01,0.3,1.29614814,TRUE
41,0.3,0.1,0.08,780,5460,7,0.005,0.1,3.174901573,TRUE
42,0.3,0.1,0.08,780,5460,7,0.005,0.3,1.833030278,TRUE
43,0.3,0.1,0.08,780,7800,10,0.25,0.1,0.536656315,FALSE
44,0.3,0.1,0.08,780,7800,10,0.25,0.3,0.309838668,FALSE
45,0.3,0.1,0.08,780,7800,10,0.01,0.1,2.683281573,TRUE
46,0.3,0.1,0.08,780,7800,10,0.01,0.3,1.549193338,TRUE
47,0.3,0.1,0.08,780,7800,10,0.005,0.1,3.794733192,TRUE
48,0.3,0.1,0.08,780,7800,10,0.005,0.3,2.19089023,TRUE
49,0.3,0.1,0.08,37500,37500,1,0.25,0.1,0.169705627,FALSE
50,0.3,0.1,0.08,37500,37500,1,0.25,0.3,0.09797959,FALSE
51,0.3,0.1,0.08,37500,37500,1,0.01,0.1,0.848528137,FALSE
52,0.3,0.1,0.08,37500,37500,1,0.01,0.3,0.489897949,FALSE
53,0.3,0.1,0.08,37500,37500,1,0.005,0.1,1.2,TRUE
54,0.3,0.1,0.08,37500,37500,1,0.005,0.3,0.692820323,FALSE
55,0.3,0.1,0.08,37500,93750,2.5,0.25,0.1,0.268328157,FALSE
56,0.3,0.1,0.08,37500,93750,2.5,0.25,0.3,0.154919334,FALSE
57,0.3,0.1,0.08,37500,93750,2.5,0.01,0.1,1.341640786,TRUE
58,0.3,0.1,0.08,37500,93750,2.5,0.01,0.3,0.774596669,FALSE
59,0.3,0.1,0.08,37500,93750,2.5,0.005,0.1,1.897366596,TRUE
60,0.3,0.1,0.08,37500,93750,2.5,0.005,0.3,1.095445115,TRUE
61,0.3,0.1,0.08,37500,262500,7,0.25,0.1,0.448998886,FALSE
62,0.3,0.1,0.08,37500,262500,7,0.25,0.3,0.259229628,FALSE
63,0.3,0.1,0.08,37500,262500,7,0.01,0.1,2.244994432,TRUE
64,0.3,0.1,0.08,37500,262500,7,0.01,0.3,1.29614814,TRUE
65,0.3,0.1,0.08,37500,262500,7,0.005,0.1,3.174901573,TRUE
66,0.3,0.1,0.08,37500,262500,7,0.005,0.3,1.833030278,TRUE
67,0.3,0.1,0.08,37500,375000,10,0.25,0.1,0.536656315,FALSE
68,0.3,0.1,0.08,37500,375000,10,0.25,0.3,0.309838668,FALSE
69,0.3,0.1,0.08,37500,375000,10,0.01,0.1,2.683281573,TRUE
70,0.3,0.1,0.08,37500,375000,10,0.01,0.3,1.549193338,TRUE
71,0.3,0.1,0.08,37500,375000,10,0.005,0.1,3.794733192,TRUE
72,0.3,0.1,0.08,37500,375000,10,0.005,0.3,2.19089023,TRUE
73,0.3,0.1,0.08,19820,19820,1,0.25,0.1,0.169705627,FALSE
74,0.3,0.1,0.08,19820,19820,1,0.25,0.3,0.09797959,FALSE
75,0.3,0.1,0.08,19820,19820,1,0.01,0.1,0.848528137,FALSE
76,0.3,0.1,0.08,19820,19820,1,0.01,0.3,0.489897949,FALSE
77,0.3,0.1,0.08,19820,19820,1,0.005,0.1,1.2,TRUE
78,0.3,0.1,0.08,19820,19820,1,0.005,0.3,0.692820323,FALSE
79,0.3,0.1,0.08,19820,49550,2.5,0.25,0.1,0.268328157,FALSE
80,0.3,0.1,0.08,19820,49550,2.5,0.25,0.3,0.154919334,FALSE
81,0.3,0.1,0.08,19820,49550,2.5,0.01,0.1,1.341640786,TRUE
82,0.3,0.1,0.08,19820,49550,2.5,0.01,0.3,0.774596669,FALSE
83,0.3,0.1,0.08,19820,49550,2.5,0.005,0.1,1.897366596,TRUE
84,0.3,0.1,0.08,19820,49550,2.5,0.005,0.3,1.095445115,TRUE
85,0.3,0.1,0.08,19820,138740,7,0.25,0.1,0.448998886,FALSE
86,0.3,0.1,0.08,19820,138740,7,0.25,0.3,0.259229628,FALSE
87,0.3,0.1,0.08,19820,138740,7,0.01,0.1,2.244994432,TRUE
88,0.3,0.1,0.08,19820,138740,7,0.01,0.3,1.29614814,TRUE
89,0.3,0.1,0.08,19820,138740,7,0.005,0.1,3.174901573,TRUE
90,0.3,0.1,0.08,19820,138740,7,0.005,0.3,1.833030278,TRUE
91,0.3,0.1,0.08,19820,198200,10,0.25,0.1,0.536656315,FALSE
92,0.3,0.1,0.08,19820,198200,10,0.25,0.3,0.309838668,FALSE
93,0.3,0.1,0.08,19820,198200,10,0.01,0.1,2.683281573,TRUE
94,0.3,0.1,0.08,19820,198200,10,0.01,0.3,1.549193338,TRUE
95,0.3,0.1,0.08,19820,198200,10,0.005,0.1,3.794733192,TRUE
96,0.3,0.1,0.08,19820,198200,10,0.005,0.3,2.19089023,TRUE
97,0.3,0.1,0.27,100,100,1,0.25,0.1,0.311769145,FALSE
98,0.3,0.1,0.27,100,100,1,0.25,0.3,0.18,FALSE
99,0.3,0.1,0.27,100,100,1,0.01,0.1,1.558845727,TRUE
100,0.3,0.1,0.27,100,100,1,0.01,0.3,0.9,FALSE
101,0.3,0.1,0.27,100,100,1,0.005,0.1,2.204540769,TRUE
102,0.3,0.1,0.27,100,100,1,0.005,0.3,1.272792206,TRUE
103,0.3,0.1,0.27,100,250,2.5,0.25,0.1,0.492950302,FALSE
104,0.3,0.1,0.27,100,250,2.5,0.25,0.3,0.284604989,FALSE
105,0.3,0.1,0.27,100,250,2.5,0.01,0.1,2.464751509,TRUE
106,0.3,0.1,0.27,100,250,2.5,0.01,0.3,1.423024947,TRUE
107,0.3,0.1,0.27,100,250,2.5,0.005,0.1,3.485685012,TRUE
108,0.3,0.1,0.27,100,250,2.5,0.005,0.3,2.01246118,TRUE
109,0.3,0.1,0.27,100,700,7,0.25,0.1,0.824863625,FALSE
110,0.3,0.1,0.27,100,700,7,0.25,0.3,0.476235236,FALSE
111,0.3,0.1,0.27,100,700,7,0.01,0.1,4.124318125,TRUE
112,0.3,0.1,0.27,100,700,7,0.01,0.3,2.38117618,TRUE
113,0.3,0.1,0.27,100,700,7,0.005,0.1,5.832666629,TRUE
114,0.3,0.1,0.27,100,700,7,0.005,0.3,3.367491648,TRUE
115,0.3,0.1,0.27,100,1000,10,0.25,0.1,0.985900604,FALSE
116,0.3,0.1,0.27,100,1000,10,0.25,0.3,0.569209979,FALSE
117,0.3,0.1,0.27,100,1000,10,0.01,0.1,4.929503018,TRUE
118,0.3,0.1,0.27,100,1000,10,0.01,0.3,2.846049894,TRUE
119,0.3,0.1,0.27,100,1000,10,0.005,0.1,6.971370023,TRUE
120,0.3,0.1,0.27,100,1000,10,0.005,0.3,4.024922359,TRUE
121,0.3,0.1,0.27,780,780,1,0.25,0.1,0.311769145,FALSE
122,0.3,0.1,0.27,780,780,1,0.25,0.3,0.18,FALSE
123,0.3,0.1,0.27,780,780,1,0.01,0.1,1.558845727,TRUE
124,0.3,0.1,0.27,780,780,1,0.01,0.3,0.9,FALSE
125,0.3,0.1,0.27,780,780,1,0.005,0.1,2.204540769,TRUE
126,0.3,0.1,0.27,780,780,1,0.005,0.3,1.272792206,TRUE
127,0.3,0.1,0.27,780,1950,2.5,0.25,0.1,0.492950302,FALSE
128,0.3,0.1,0.27,780,1950,2.5,0.25,0.3,0.284604989,FALSE
129,0.3,0.1,0.27,780,1950,2.5,0.01,0.1,2.464751509,TRUE
130,0.3,0.1,0.27,780,1950,2.5,0.01,0.3,1.423024947,TRUE
131,0.3,0.1,0.27,780,1950,2.5,0.005,0.1,3.485685012,TRUE
132,0.3,0.1,0.27,780,1950,2.5,0.005,0.3,2.01246118,TRUE
133,0.3,0.1,0.27,780,5460,7,0.25,0.1,0.824863625,FALSE
134,0.3,0.1,0.27,780,5460,7,0.25,0.3,0.476235236,FALSE
135,0.3,0.1,0.27,780,5460,7,0.01,0.1,4.124318125,TRUE
136,0.3,0.1,0.27,780,5460,7,0.01,0.3,2.38117618,TRUE
137,0.3,0.1,0.27,780,5460,7,0.005,0.1,5.832666629,TRUE
138,0.3,0.1,0.27,780,5460,7,0.005,0.3,3.367491648,TRUE
139,0.3,0.1,0.27,780,7800,10,0.25,0.1,0.985900604,FALSE
140,0.3,0.1,0.27,780,7800,10,0.25,0.3,0.569209979,FALSE
141,0.3,0.1,0.27,780,7800,10,0.01,0.1,4.929503018,TRUE
142,0.3,0.1,0.27,780,7800,10,0.01,0.3,2.846049894,TRUE
143,0.3,0.1,0.27,780,7800,10,0.005,0.1,6.971370023,TRUE
144,0.3,0.1,0.27,780,7800,10,0.005,0.3,4.024922359,TRUE
145,0.3,0.1,0.27,37500,37500,1,0.25,0.1,0.311769145,FALSE
146,0.3,0.1,0.27,37500,37500,1,0.25,0.3,0.18,FALSE
147,0.3,0.1,0.27,37500,37500,1,0.01,0.1,1.558845727,TRUE
148,0.3,0.1,0.27,37500,37500,1,0.01,0.3,0.9,FALSE
149,0.3,0.1,0.27,37500,37500,1,0.005,0.1,2.204540769,TRUE
150,0.3,0.1,0.27,37500,37500,1,0.005,0.3,1.272792206,TRUE
151,0.3,0.1,0.27,37500,93750,2.5,0.25,0.1,0.492950302,FALSE
152,0.3,0.1,0.27,37500,93750,2.5,0.25,0.3,0.284604989,FALSE
153,0.3,0.1,0.27,37500,93750,2.5,0.01,0.1,2.464751509,TRUE
154,0.3,0.1,0.27,37500,93750,2.5,0.01,0.3,1.423024947,TRUE
155,0.3,0.1,0.27,37500,93750,2.5,0.005,0.1,3.485685012,TRUE
156,0.3,0.1,0.27,37500,93750,2.5,0.005,0.3,2.01246118,TRUE
157,0.3,0.1,0.27,37500,262500,7,0.25,0.1,0.824863625,FALSE
158,0.3,0.1,0.27,37500,262500,7,0.25,0.3,0.476235236,FALSE
159,0.3,0.1,0.27,37500,262500,7,0.01,0.1,4.124318125,TRUE
160,0.3,0.1,0.27,37500,262500,7,0.01,0.3,2.38117618,TRUE
161,0.3,0.1,0.27,37500,262500,7,0.005,0.1,5.832666629,TRUE
162,0.3,0.1,0.27,37500,262500,7,0.005,0.3,3.367491648,TRUE
163,0.3,0.1,0.27,37500,375000,10,0.25,0.1,0.985900604,FALSE
164,0.3,0.1,0.27,37500,375000,10,0.25,0.3,0.569209979,FALSE
165,0.3,0.1,0.27,37500,375000,10,0.01,0.1,4.929503018,TRUE
166,0.3,0.1,0.27,37500,375000,10,0.01,0.3,2.846049894,TRUE
167,0.3,0.1,0.27,37500,375000,10,0.005,0.1,6.971370023,TRUE
168,0.3,0.1,0.27,37500,375000,10,0.005,0.3,4.024922359,TRUE
169,0.3,0.1,0.27,19820,19820,1,0.25,0.1,0.311769145,FALSE
170,0.3,0.1,0.27,19820,19820,1,0.25,0.3,0.18,FALSE
171,0.3,0.1,0.27,19820,19820,1,0.01,0.1,1.558845727,TRUE
172,0.3,0.1,0.27,19820,19820,1,0.01,0.3,0.9,FALSE
173,0.3,0.1,0.27,19820,19820,1,0.005,0.1,2.204540769,TRUE
174,0.3,0.1,0.27,19820,19820,1,0.005,0.3,1.272792206,TRUE
175,0.3,0.1,0.27,19820,49550,2.5,0.25,0.1,0.492950302,FALSE
176,0.3,0.1,0.27,19820,49550,2.5,0.25,0.3,0.284604989,FALSE
177,0.3,0.1,0.27,19820,49550,2.5,0.01,0.1,2.464751509,TRUE
178,0.3,0.1,0.27,19820,49550,2.5,0.01,0.3,1.423024947,TRUE
179,0.3,0.1,0.27,19820,49550,2.5,0.005,0.1,3.485685012,TRUE
180,0.3,0.1,0.27,19820,49550,2.5,0.005,0.3,2.01246118,TRUE
181,0.3,0.1,0.27,19820,138740,7,0.25,0.1,0.824863625,FALSE
182,0.3,0.1,0.27,19820,138740,7,0.25,0.3,0.476235236,FALSE
183,0.3,0.1,0.27,19820,138740,7,0.01,0.1,4.124318125,TRUE
184,0.3,0.1,0.27,19820,138740,7,0.01,0.3,2.38117618,TRUE
185,0.3,0.1,0.27,19820,138740,7,0.005,0.1,5.832666629,TRUE
186,0.3,0.1,0.27,19820,138740,7,0.005,0.3,3.367491648,TRUE
187,0.3,0.1,0.27,19820,198200,10,0.25,0.1,0.985900604,FALSE
188,0.3,0.1,0.27,19820,198200,10,0.25,0.3,0.569209979,FALSE
189,0.3,0.1,0.27,19820,198200,10,0.01,0.1,4.929503018,TRUE
190,0.3,0.1,0.27,19820,198200,10,0.01,0.3,2.846049894,TRUE
191,0.3,0.1,0.27,19820,198200,10,0.005,0.1,6.971370023,TRUE
192,0.3,0.1,0.27,19820,198200,10,0.005,0.3,4.024922359,TRUE
193,0.3,0.1,0.6,100,100,1,0.25,0.1,0.464758002,FALSE
194,0.3,0.1,0.6,100,100,1,0.25,0.3,0.268328157,FALSE
195,0.3,0.1,0.6,100,100,1,0.01,0.1,2.323790008,TRUE
196,0.3,0.1,0.6,100,100,1,0.01,0.3,1.341640786,TRUE
197,0.3,0.1,0.6,100,100,1,0.005,0.1,3.286335345,TRUE
198,0.3,0.1,0.6,100,100,1,0.005,0.3,1.897366596,TRUE
199,0.3,0.1,0.6,100,250,2.5,0.25,0.1,0.734846923,FALSE
200,0.3,0.1,0.6,100,250,2.5,0.25,0.3,0.424264069,FALSE
201,0.3,0.1,0.6,100,250,2.5,0.01,0.1,3.674234614,TRUE
202,0.3,0.1,0.6,100,250,2.5,0.01,0.3,2.121320344,TRUE
203,0.3,0.1,0.6,100,250,2.5,0.005,0.1,5.196152423,TRUE
204,0.3,0.1,0.6,100,250,2.5,0.005,0.3,3,TRUE
205,0.3,0.1,0.6,100,700,7,0.25,0.1,1.229634092,TRUE
206,0.3,0.1,0.6,100,700,7,0.25,0.3,0.709929574,FALSE
207,0.3,0.1,0.6,100,700,7,0.01,0.1,6.14817046,TRUE
208,0.3,0.1,0.6,100,700,7,0.01,0.3,3.54964787,TRUE
209,0.3,0.1,0.6,100,700,7,0.005,0.1,8.694826048,TRUE
210,0.3,0.1,0.6,100,700,7,0.005,0.3,5.019960159,TRUE
211,0.3,0.1,0.6,100,1000,10,0.25,0.1,1.469693846,TRUE
212,0.3,0.1,0.6,100,1000,10,0.25,0.3,0.848528137,FALSE
213,0.3,0.1,0.6,100,1000,10,0.01,0.1,7.348469228,TRUE
214,0.3,0.1,0.6,100,1000,10,0.01,0.3,4.242640687,TRUE
215,0.3,0.1,0.6,100,1000,10,0.005,0.1,10.39230485,TRUE
216,0.3,0.1,0.6,100,1000,10,0.005,0.3,6,TRUE
217,0.3,0.1,0.6,780,780,1,0.25,0.1,0.464758002,FALSE
218,0.3,0.1,0.6,780,780,1,0.25,0.3,0.268328157,FALSE
219,0.3,0.1,0.6,780,780,1,0.01,0.1,2.323790008,TRUE
220,0.3,0.1,0.6,780,780,1,0.01,0.3,1.341640786,TRUE
221,0.3,0.1,0.6,780,780,1,0.005,0.1,3.286335345,TRUE
222,0.3,0.1,0.6,780,780,1,0.005,0.3,1.897366596,TRUE
223,0.3,0.1,0.6,780,1950,2.5,0.25,0.1,0.734846923,FALSE
224,0.3,0.1,0.6,780,1950,2.5,0.25,0.3,0.424264069,FALSE
225,0.3,0.1,0.6,780,1950,2.5,0.01,0.1,3.674234614,TRUE
226,0.3,0.1,0.6,780,1950,2.5,0.01,0.3,2.121320344,TRUE
227,0.3,0.1,0.6,780,1950,2.5,0.005,0.1,5.196152423,TRUE
228,0.3,0.1,0.6,780,1950,2.5,0.005,0.3,3,TRUE
229,0.3,0.1,0.6,780,5460,7,0.25,0.1,1.229634092,TRUE
230,0.3,0.1,0.6,780,5460,7,0.25,0.3,0.709929574,FALSE
231,0.3,0.1,0.6,780,5460,7,0.01,0.1,6.14817046,TRUE
232,0.3,0.1,0.6,780,5460,7,0.01,0.3,3.54964787,TRUE
233,0.3,0.1,0.6,780,5460,7,0.005,0.1,8.694826048,TRUE
234,0.3,0.1,0.6,780,5460,7,0.005,0.3,5.019960159,TRUE
235,0.3,0.1,0.6,780,7800,10,0.25,0.1,1.469693846,TRUE
236,0.3,0.1,0.6,780,7800,10,0.25,0.3,0.848528137,FALSE
237,0.3,0.1,0.6,780,7800,10,0.01,0.1,7.348469228,TRUE
238,0.3,0.1,0.6,780,7800,10,0.01,0.3,4.242640687,TRUE
239,0.3,0.1,0.6,780,7800,10,0.005,0.1,10.39230485,TRUE
240,0.3,0.1,0.6,780,7800,10,0.005,0.3,6,TRUE
241,0.3,0.1,0.6,37500,37500,1,0.25,0.1,0.464758002,FALSE
242,0.3,0.1,0.6,37500,37500,1,0.25,0.3,0.268328157,FALSE
243,0.3,0.1,0.6,37500,37500,1,0.01,0.1,2.323790008,TRUE
244,0.3,0.1,0.6,37500,37500,1,0.01,0.3,1.341640786,TRUE
245,0.3,0.1,0.6,37500,37500,1,0.005,0.1,3.286335345,TRUE
246,0.3,0.1,0.6,37500,37500,1,0.005,0.3,1.897366596,TRUE
247,0.3,0.1,0.6,37500,93750,2.5,0.25,0.1,0.734846923,FALSE
248,0.3,0.1,0.6,37500,93750,2.5,0.25,0.3,0.424264069,FALSE
249,0.3,0.1,0.6,37500,93750,2.5,0.01,0.1,3.674234614,TRUE
250,0.3,0.1,0.6,37500,93750,2.5,0.01,0.3,2.121320344,TRUE
251,0.3,0.1,0.6,37500,93750,2.5,0.005,0.1,5.196152423,TRUE
252,0.3,0.1,0.6,37500,93750,2.5,0.005,0.3,3,TRUE
253,0.3,0.1,0.6,37500,262500,7,0.25,0.1,1.229634092,TRUE
254,0.3,0.1,0.6,37500,262500,7,0.25,0.3,0.709929574,FALSE
255,0.3,0.1,0.6,37500,262500,7,0.01,0.1,6.14817046,TRUE
256,0.3,0.1,0.6,37500,262500,7,0.01,0.3,3.54964787,TRUE
257,0.3,0.1,0.6,37500,262500,7,0.005,0.1,8.694826048,TRUE
258,0.3,0.1,0.6,37500,262500,7,0.005,0.3,5.019960159,TRUE
259,0.3,0.1,0.6,37500,375000,10,0.25,0.1,1.469693846,TRUE
260,0.3,0.1,0.6,37500,375000,10,0.25,0.3,0.848528137,FALSE
261,0.3,0.1,0.6,37500,375000,10,0.01,0.1,7.348469228,TRUE
262,0.3,0.1,0.6,37500,375000,10,0.01,0.3,4.242640687,TRUE
263,0.3,0.1,0.6,37500,375000,10,0.005,0.1,10.39230485,TRUE
264,0.3,0.1,0.6,37500,375000,10,0.005,0.3,6,TRUE
265,0.3,0.1,0.6,19820,19820,1,0.25,0.1,0.464758002,FALSE
266,0.3,0.1,0.6,19820,19820,1,0.25,0.3,0.268328157,FALSE
267,0.3,0.1,0.6,19820,19820,1,0.01,0.1,2.323790008,TRUE
268,0.3,0.1,0.6,19820,19820,1,0.01,0.3,1.341640786,TRUE
269,0.3,0.1,0.6,19820,19820,1,0.005,0.1,3.286335345,TRUE
270,0.3,0.1,0.6,19820,19820,1,0.005,0.3,1.897366596,TRUE
271,0.3,0.1,0.6,19820,49550,2.5,0.25,0.1,0.734846923,FALSE
272,0.3,0.1,0.6,19820,49550,2.5,0.25,0.3,0.424264069,FALSE
273,0.3,0.1,0.6,19820,49550,2.5,0.01,0.1,3.674234614,TRUE
274,0.3,0.1,0.6,19820,49550,2.5,0.01,0.3,2.121320344,TRUE
275,0.3,0.1,0.6,19820,49550,2.5,0.005,0.1,5.196152423,TRUE
276,0.3,0.1,0.6,19820,49550,2.5,0.005,0.3,3,TRUE
277,0.3,0.1,0.6,19820,138740,7,0.25,0.1,1.229634092,TRUE
278,0.3,0.1,0.6,19820,138740,7,0.25,0.3,0.709929574,FALSE
279,0.3,0.1,0.6,19820,138740,7,0.01,0.1,6.14817046,TRUE
280,0.3,0.1,0.6,19820,138740,7,0.01,0.3,3.54964787,TRUE
281,0.3,0.1,0.6,19820,138740,7,0.005,0.1,8.694826048,TRUE
282,0.3,0.1,0.6,19820,138740,7,0.005,0.3,5.019960159,TRUE
283,0.3,0.1,0.6,19820,198200,10,0.25,0.1,1.469693846,TRUE
284,0.3,0.1,0.6,19820,198200,10,0.25,0.3,0.848528137,FALSE
285,0.3,0.1,0.6,19820,198200,10,0.01,0.1,7.348469228,TRUE
286,0.3,0.1,0.6,19820,198200,10,0.01,0.3,4.242640687,TRUE
287,0.3,0.1,0.6,19820,198200,10,0.005,0.1,10.39230485,TRUE
288,0.3,0.1,0.6,19820,198200,10,0.005,0.3,6,TRUE
289,0.3,0.4,0.08,100,100,1,0.25,0.1,0.339411255,FALSE
290,0.3,0.4,0.08,100,100,1,0.25,0.3,0.195959179,FALSE
291,0.3,0.4,0.08,100,100,1,0.01,0.1,1.697056275,TRUE
292,0.3,0.4,0.08,100,100,1,0.01,0.3,0.979795897,FALSE
293,0.3,0.4,0.08,100,100,1,0.005,0.1,2.4,TRUE
294,0.3,0.4,0.08,100,100,1,0.005,0.3,1.385640646,TRUE
295,0.3,0.4,0.08,100,250,2.5,0.25,0.1,0.536656315,FALSE
296,0.3,0.4,0.08,100,250,2.5,0.25,0.3,0.309838668,FALSE
297,0.3,0.4,0.08,100,250,2.5,0.01,0.1,2.683281573,TRUE
298,0.3,0.4,0.08,100,250,2.5,0.01,0.3,1.549193338,TRUE
299,0.3,0.4,0.08,100,250,2.5,0.005,0.1,3.794733192,TRUE
300,0.3,0.4,0.08,100,250,2.5,0.005,0.3,2.19089023,TRUE
301,0.3,0.4,0.08,100,700,7,0.25,0.1,0.897997773,FALSE
302,0.3,0.4,0.08,100,700,7,0.25,0.3,0.518459256,FALSE
303,0.3,0.4,0.08,100,700,7,0.01,0.1,4.489988864,TRUE
304,0.3,0.4,0.08,100,700,7,0.01,0.3,2.592296279,TRUE
305,0.3,0.4,0.08,100,700,7,0.005,0.1,6.349803147,TRUE
306,0.3,0.4,0.08,100,700,7,0.005,0.3,3.666060556,TRUE
307,0.3,0.4,0.08,100,1000,10,0.25,0.1,1.073312629,TRUE
308,0.3,0.4,0.08,100,1000,10,0.25,0.3,0.619677335,FALSE
309,0.3,0.4,0.08,100,1000,10,0.01,0.1,5.366563146,TRUE
310,0.3,0.4,0.08,100,1000,10,0.01,0.3,3.098386677,TRUE
311,0.3,0.4,0.08,100,1000,10,0.005,0.1,7.589466384,TRUE
312,0.3,0.4,0.08,100,1000,10,0.005,0.3,4.38178046,TRUE
313,0.3,0.4,0.08,780,780,1,0.25,0.1,0.339411255,FALSE
314,0.3,0.4,0.08,780,780,1,0.25,0.3,0.195959179,FALSE
315,0.3,0.4,0.08,780,780,1,0.01,0.1,1.697056275,TRUE
316,0.3,0.4,0.08,780,780,1,0.01,0.3,0.979795897,FALSE
317,0.3,0.4,0.08,780,780,1,0.005,0.1,2.4,TRUE
318,0.3,0.4,0.08,780,780,1,0.005,0.3,1.385640646,TRUE
319,0.3,0.4,0.08,780,1950,2.5,0.25,0.1,0.536656315,FALSE
320,0.3,0.4,0.08,780,1950,2.5,0.25,0.3,0.309838668,FALSE
321,0.3,0.4,0.08,780,1950,2.5,0.01,0.1,2.683281573,TRUE
322,0.3,0.4,0.08,780,1950,2.5,0.01,0.3,1.549193338,TRUE
323,0.3,0.4,0.08,780,1950,2.5,0.005,0.1,3.794733192,TRUE
324,0.3,0.4,0.08,780,1950,2.5,0.005,0.3,2.19089023,TRUE
325,0.3,0.4,0.08,780,5460,7,0.25,0.1,0.897997773,FALSE
326,0.3,0.4,0.08,780,5460,7,0.25,0.3,0.518459256,FALSE
327,0.3,0.4,0.08,780,5460,7,0.01,0.1,4.489988864,TRUE
328,0.3,0.4,0.08,780,5460,7,0.01,0.3,2.592296279,TRUE
329,0.3,0.4,0.08,780,5460,7,0.005,0.1,6.349803147,TRUE
330,0.3,0.4,0.08,780,5460,7,0.005,0.3,3.666060556,TRUE
331,0.3,0.4,0.08,780,7800,10,0.25,0.1,1.073312629,TRUE
332,0.3,0.4,0.08,780,7800,10,0.25,0.3,0.619677335,FALSE
333,0.3,0.4,0.08,780,7800,10,0.01,0.1,5.366563146,TRUE
334,0.3,0.4,0.08,780,7800,10,0.01,0.3,3.098386677,TRUE
335,0.3,0.4,0.08,780,7800,10,0.005,0.1,7.589466384,TRUE
336,0.3,0.4,0.08,780,7800,10,0.005,0.3,4.38178046,TRUE
337,0.3,0.4,0.08,37500,37500,1,0.25,0.1,0.339411255,FALSE
338,0.3,0.4,0.08,37500,37500,1,0.25,0.3,0.195959179,FALSE
339,0.3,0.4,0.08,37500,37500,1,0.01,0.1,1.697056275,TRUE
340,0.3,0.4,0.08,37500,37500,1,0.01,0.3,0.979795897,FALSE
341,0.3,0.4,0.08,37500,37500,1,0.005,0.1,2.4,TRUE
342,0.3,0.4,0.08,37500,37500,1,0.005,0.3,1.385640646,TRUE
343,0.3,0.4,0.08,37500,93750,2.5,0.25,0.1,0.536656315,FALSE
344,0.3,0.4,0.08,37500,93750,2.5,0.25,0.3,0.309838668,FALSE
345,0.3,0.4,0.08,37500,93750,2.5,0.01,0.1,2.683281573,TRUE
346,0.3,0.4,0.08,37500,93750,2.5,0.01,0.3,1.549193338,TRUE
347,0.3,0.4,0.08,37500,93750,2.5,0.005,0.1,3.794733192,TRUE
348,0.3,0.4,0.08,37500,93750,2.5,0.005,0.3,2.19089023,TRUE
349,0.3,0.4,0.08,37500,262500,7,0.25,0.1,0.897997773,FALSE
350,0.3,0.4,0.08,37500,262500,7,0.25,0.3,0.518459256,FALSE
351,0.3,0.4,0.08,37500,262500,7,0.01,0.1,4.489988864,TRUE
352,0.3,0.4,0.08,37500,262500,7,0.01,0.3,2.592296279,TRUE
353,0.3,0.4,0.08,37500,262500,7,0.005,0.1,6.349803147,TRUE
354,0.3,0.4,0.08,37500,262500,7,0.005,0.3,3.666060556,TRUE
355,0.3,0.4,0.08,37500,375000,10,0.25,0.1,1.073312629,TRUE
356,0.3,0.4,0.08,37500,375000,10,0.25,0.3,0.619677335,FALSE
357,0.3,0.4,0.08,37500,375000,10,0.01,0.1,5.366563146,TRUE
358,0.3,0.4,0.08,37500,375000,10,0.01,0.3,3.098386677,TRUE
359,0.3,0.4,0.08,37500,375000,10,0.005,0.1,7.589466384,TRUE
360,0.3,0.4,0.08,37500,375000,10,0.005,0.3,4.38178046,TRUE
361,0.3,0.4,0.08,19820,19820,1,0.25,0.1,0.339411255,FALSE
362,0.3,0.4,0.08,19820,19820,1,0.25,0.3,0.195959179,FALSE
363,0.3,0.4,0.08,19820,19820,1,0.01,0.1,1.697056275,TRUE
364,0.3,0.4,0.08,19820,19820,1,0.01,0.3,0.979795897,FALSE
365,0.3,0.4,0.08,19820,19820,1,0.005,0.1,2.4,TRUE
366,0.3,0.4,0.08,19820,19820,1,0.005,0.3,1.385640646,TRUE
367,0.3,0.4,0.08,19820,49550,2.5,0.25,0.1,0.536656315,FALSE
368,0.3,0.4,0.08,19820,49550,2.5,0.25,0.3,0.309838668,FALSE
369,0.3,0.4,0.08,19820,49550,2.5,0.01,0.1,2.683281573,TRUE
370,0.3,0.4,0.08,19820,49550,2.5,0.01,0.3,1.549193338,TRUE
371,0.3,0.4,0.08,19820,49550,2.5,0.005,0.1,3.794733192,TRUE
372,0.3,0.4,0.08,19820,49550,2.5,0.005,0.3,2.19089023,TRUE
373,0.3,0.4,0.08,19820,138740,7,0.25,0.1,0.897997773,FALSE
374,0.3,0.4,0.08,19820,138740,7,0.25,0.3,0.518459256,FALSE
375,0.3,0.4,0.08,19820,138740,7,0.01,0.1,4.489988864,TRUE
376,0.3,0.4,0.08,19820,138740,7,0.01,0.3,2.592296279,TRUE
377,0.3,0.4,0.08,19820,138740,7,0.005,0.1,6.349803147,TRUE
378,0.3,0.4,0.08,19820,138740,7,0.005,0.3,3.666060556,TRUE
379,0.3,0.4,0.08,19820,198200,10,0.25,0.1,1.073312629,TRUE
380,0.3,0.4,0.08,19820,198200,10,0.25,0.3,0.619677335,FALSE
381,0.3,0.4,0.08,19820,198200,10,0.01,0.1,5.366563146,TRUE
382,0.3,0.4,0.08,19820,198200,10,0.01,0.3,3.098386677,TRUE
383,0.3,0.4,0.08,19820,198200,10,0.005,0.1,7.589466384,TRUE
384,0.3,0.4,0.08,19820,198200,10,0.005,0.3,4.38178046,TRUE
385,0.3,0.4,0.27,100,100,1,0.25,0.1,0.623538291,FALSE
386,0.3,0.4,0.27,100,100,1,0.25,0.3,0.36,FALSE
387,0.3,0.4,0.27,100,100,1,0.01,0.1,3.117691454,TRUE
388,0.3,0.4,0.27,100,100,1,0.01,0.3,1.8,TRUE
389,0.3,0.4,0.27,100,100,1,0.005,0.1,4.409081537,TRUE
390,0.3,0.4,0.27,100,100,1,0.005,0.3,2.545584412,TRUE
391,0.3,0.4,0.27,100,250,2.5,0.25,0.1,0.985900604,FALSE
392,0.3,0.4,0.27,100,250,2.5,0.25,0.3,0.569209979,FALSE
393,0.3,0.4,0.27,100,250,2.5,0.01,0.1,4.929503018,TRUE
394,0.3,0.4,0.27,100,250,2.5,0.01,0.3,2.846049894,TRUE
395,0.3,0.4,0.27,100,250,2.5,0.005,0.1,6.971370023,TRUE
396,0.3,0.4,0.27,100,250,2.5,0.005,0.3,4.024922359,TRUE
397,0.3,0.4,0.27,100,700,7,0.25,0.1,1.64972725,TRUE
398,0.3,0.4,0.27,100,700,7,0.25,0.3,0.952470472,FALSE
399,0.3,0.4,0.27,100,700,7,0.01,0.1,8.248636251,TRUE
400,0.3,0.4,0.27,100,700,7,0.01,0.3,4.76235236,TRUE
401,0.3,0.4,0.27,100,700,7,0.005,0.1,11.66533326,TRUE
402,0.3,0.4,0.27,100,700,7,0.005,0.3,6.734983296,TRUE
403,0.3,0.4,0.27,100,1000,10,0.25,0.1,1.971801207,TRUE
404,0.3,0.4,0.27,100,1000,10,0.25,0.3,1.138419958,TRUE
405,0.3,0.4,0.27,100,1000,10,0.01,0.1,9.859006035,TRUE
406,0.3,0.4,0.27,100,1000,10,0.01,0.3,5.692099788,TRUE
407,0.3,0.4,0.27,100,1000,10,0.005,0.1,13.94274005,TRUE
408,0.3,0.4,0.27,100,1000,10,0.005,0.3,8.049844719,TRUE
409,0.3,0.4,0.27,780,780,1,0.25,0.1,0.623538291,FALSE
410,0.3,0.4,0.27,780,780,1,0.25,0.3,0.36,FALSE
411,0.3,0.4,0.27,780,780,1,0.01,0.1,3.117691454,TRUE
412,0.3,0.4,0.27,780,780,1,0.01,0.3,1.8,TRUE
413,0.3,0.4,0.27,780,780,1,0.005,0.1,4.409081537,TRUE
414,0.3,0.4,0.27,780,780,1,0.005,0.3,2.545584412,TRUE
415,0.3,0.4,0.27,780,1950,2.5,0.25,0.1,0.985900604,FALSE
416,0.3,0.4,0.27,780,1950,2.5,0.25,0.3,0.569209979,FALSE
417,0.3,0.4,0.27,780,1950,2.5,0.01,0.1,4.929503018,TRUE
418,0.3,0.4,0.27,780,1950,2.5,0.01,0.3,2.846049894,TRUE
419,0.3,0.4,0.27,780,1950,2.5,0.005,0.1,6.971370023,TRUE
420,0.3,0.4,0.27,780,1950,2.5,0.005,0.3,4.024922359,TRUE
421,0.3,0.4,0.27,780,5460,7,0.25,0.1,1.64972725,TRUE
422,0.3,0.4,0.27,780,5460,7,0.25,0.3,0.952470472,FALSE
423,0.3,0.4,0.27,780,5460,7,0.01,0.1,8.248636251,TRUE
424,0.3,0.4,0.27,780,5460,7,0.01,0.3,4.76235236,TRUE
425,0.3,0.4,0.27,780,5460,7,0.005,0.1,11.66533326,TRUE
426,0.3,0.4,0.27,780,5460,7,0.005,0.3,6.734983296,TRUE
427,0.3,0.4,0.27,780,7800,10,0.25,0.1,1.971801207,TRUE
428,0.3,0.4,0.27,780,7800,10,0.25,0.3,1.138419958,TRUE
429,0.3,0.4,0.27,780,7800,10,0.01,0.1,9.859006035,TRUE
430,0.3,0.4,0.27,780,7800,10,0.01,0.3,5.692099788,TRUE
431,0.3,0.4,0.27,780,7800,10,0.005,0.1,13.94274005,TRUE
432,0.3,0.4,0.27,780,7800,10,0.005,0.3,8.049844719,TRUE
433,0.3,0.4,0.27,37500,37500,1,0.25,0.1,0.623538291,FALSE
434,0.3,0.4,0.27,37500,37500,1,0.25,0.3,0.36,FALSE
435,0.3,0.4,0.27,37500,37500,1,0.01,0.1,3.117691454,TRUE
436,0.3,0.4,0.27,37500,37500,1,0.01,0.3,1.8,TRUE
437,0.3,0.4,0.27,37500,37500,1,0.005,0.1,4.409081537,TRUE
438,0.3,0.4,0.27,37500,37500,1,0.005,0.3,2.545584412,TRUE
439,0.3,0.4,0.27,37500,93750,2.5,0.25,0.1,0.985900604,FALSE
440,0.3,0.4,0.27,37500,93750,2.5,0.25,0.3,0.569209979,FALSE
441,0.3,0.4,0.27,37500,93750,2.5,0.01,0.1,4.929503018,TRUE
442,0.3,0.4,0.27,37500,93750,2.5,0.01,0.3,2.846049894,TRUE
443,0.3,0.4,0.27,37500,93750,2.5,0.005,0.1,6.971370023,TRUE
444,0.3,0.4,0.27,37500,93750,2.5,0.005,0.3,4.024922359,TRUE
445,0.3,0.4,0.27,37500,262500,7,0.25,0.1,1.64972725,TRUE
446,0.3,0.4,0.27,37500,262500,7,0.25,0.3,0.952470472,FALSE
447,0.3,0.4,0.27,37500,262500,7,0.01,0.1,8.248636251,TRUE
448,0.3,0.4,0.27,37500,262500,7,0.01,0.3,4.76235236,TRUE
449,0.3,0.4,0.27,37500,262500,7,0.005,0.1,11.66533326,TRUE
450,0.3,0.4,0.27,37500,262500,7,0.005,0.3,6.734983296,TRUE
451,0.3,0.4,0.27,37500,375000,10,0.25,0.1,1.971801207,TRUE
452,0.3,0.4,0.27,37500,375000,10,0.25,0.3,1.138419958,TRUE
453,0.3,0.4,0.27,37500,375000,10,0.01,0.1,9.859006035,TRUE
454,0.3,0.4,0.27,37500,375000,10,0.01,0.3,5.692099788,TRUE
455,0.3,0.4,0.27,37500,375000,10,0.005,0.1,13.94274005,TRUE
456,0.3,0.4,0.27,37500,375000,10,0.005,0.3,8.049844719,TRUE
457,0.3,0.4,0.27,19820,19820,1,0.25,0.1,0.623538291,FALSE
458,0.3,0.4,0.27,19820,19820,1,0.25,0.3,0.36,FALSE
459,0.3,0.4,0.27,19820,19820,1,0.01,0.1,3.117691454,TRUE
460,0.3,0.4,0.27,19820,19820,1,0.01,0.3,1.8,TRUE
461,0.3,0.4,0.27,19820,19820,1,0.005,0.1,4.409081537,TRUE
462,0.3,0.4,0.27,19820,19820,1,0.005,0.3,2.545584412,TRUE
463,0.3,0.4,0.27,19820,49550,2.5,0.25,0.1,0.985900604,FALSE
464,0.3,0.4,0.27,19820,49550,2.5,0.25,0.3,0.569209979,FALSE
465,0.3,0.4,0.27,19820,49550,2.5,0.01,0.1,4.929503018,TRUE
466,0.3,0.4,0.27,19820,49550,2.5,0.01,0.3,2.846049894,TRUE
467,0.3,0.4,0.27,19820,49550,2.5,0.005,0.1,6.971370023,TRUE
468,0.3,0.4,0.27,19820,49550,2.5,0.005,0.3,4.024922359,TRUE
469,0.3,0.4,0.27,19820,138740,7,0.25,0.1,1.64972725,TRUE
470,0.3,0.4,0.27,19820,138740,7,0.25,0.3,0.952470472,FALSE
471,0.3,0.4,0.27,19820,138740,7,0.01,0.1,8.248636251,TRUE
472,0.3,0.4,0.27,19820,138740,7,0.01,0.3,4.76235236,TRUE
473,0.3,0.4,0.27,19820,138740,7,0.005,0.1,11.66533326,TRUE
474,0.3,0.4,0.27,19820,138740,7,0.005,0.3,6.734983296,TRUE
475,0.3,0.4,0.27,19820,198200,10,0.25,0.1,1.971801207,TRUE
476,0.3,0.4,0.27,19820,198200,10,0.25,0.3,1.138419958,TRUE
477,0.3,0.4,0.27,19820,198200,10,0.01,0.1,9.859006035,TRUE
478,0.3,0.4,0.27,19820,198200,10,0.01,0.3,5.692099788,TRUE
479,0.3,0.4,0.27,19820,198200,10,0.005,0.1,13.94274005,TRUE
480,0.3,0.4,0.27,19820,198200,10,0.005,0.3,8.049844719,TRUE
481,0.3,0.4,0.6,100,100,1,0.25,0.1,0.929516003,FALSE
482,0.3,0.4,0.6,100,100,1,0.25,0.3,0.536656315,FALSE
483,0.3,0.4,0.6,100,100,1,0.01,0.1,4.647580015,TRUE
484,0.3,0.4,0.6,100,100,1,0.01,0.3,2.683281573,TRUE
485,0.3,0.4,0.6,100,100,1,0.005,0.1,6.57267069,TRUE
486,0.3,0.4,0.6,100,100,1,0.005,0.3,3.794733192,TRUE
487,0.3,0.4,0.6,100,250,2.5,0.25,0.1,1.469693846,TRUE
488,0.3,0.4,0.6,100,250,2.5,0.25,0.3,0.848528137,FALSE
489,0.3,0.4,0.6,100,250,2.5,0.01,0.1,7.348469228,TRUE
490,0.3,0.4,0.6,100,250,2.5,0.01,0.3,4.242640687,TRUE
491,0.3,0.4,0.6,100,250,2.5,0.005,0.1,10.39230485,TRUE
492,0.3,0.4,0.6,100,250,2.5,0.005,0.3,6,TRUE
493,0.3,0.4,0.6,100,700,7,0.25,0.1,2.459268184,TRUE
494,0.3,0.4,0.6,100,700,7,0.25,0.3,1.419859148,TRUE
495,0.3,0.4,0.6,100,700,7,0.01,0.1,12.29634092,TRUE
496,0.3,0.4,0.6,100,700,7,0.01,0.3,7.09929574,TRUE
497,0.3,0.4,0.6,100,700,7,0.005,0.1,17.3896521,TRUE
498,0.3,0.4,0.6,100,700,7,0.005,0.3,10.03992032,TRUE
499,0.3,0.4,0.6,100,1000,10,0.25,0.1,2.939387691,TRUE
500,0.3,0.4,0.6,100,1000,10,0.25,0.3,1.697056275,TRUE
501,0.3,0.4,0.6,100,1000,10,0.01,0.1,14.69693846,TRUE
502,0.3,0.4,0.6,100,1000,10,0.01,0.3,8.485281374,TRUE
503,0.3,0.4,0.6,100,1000,10,0.005,0.1,20.78460969,TRUE
504,0.3,0.4,0.6,100,1000,10,0.005,0.3,12,TRUE
505,0.3,0.4,0.6,780,780,1,0.25,0.1,0.929516003,FALSE
506,0.3,0.4,0.6,780,780,1,0.25,0.3,0.536656315,FALSE
507,0.3,0.4,0.6,780,780,1,0.01,0.1,4.647580015,TRUE
508,0.3,0.4,0.6,780,780,1,0.01,0.3,2.683281573,TRUE
509,0.3,0.4,0.6,780,780,1,0.005,0.1,6.57267069,TRUE
510,0.3,0.4,0.6,780,780,1,0.005,0.3,3.794733192,TRUE
511,0.3,0.4,0.6,780,1950,2.5,0.25,0.1,1.469693846,TRUE
512,0.3,0.4,0.6,780,1950,2.5,0.25,0.3,0.848528137,FALSE
513,0.3,0.4,0.6,780,1950,2.5,0.01,0.1,7.348469228,TRUE
514,0.3,0.4,0.6,780,1950,2.5,0.01,0.3,4.242640687,TRUE
515,0.3,0.4,0.6,780,1950,2.5,0.005,0.1,10.39230485,TRUE
516,0.3,0.4,0.6,780,1950,2.5,0.005,0.3,6,TRUE
517,0.3,0.4,0.6,780,5460,7,0.25,0.1,2.459268184,TRUE
518,0.3,0.4,0.6,780,5460,7,0.25,0.3,1.419859148,TRUE
519,0.3,0.4,0.6,780,5460,7,0.01,0.1,12.29634092,TRUE
520,0.3,0.4,0.6,780,5460,7,0.01,0.3,7.09929574,TRUE
521,0.3,0.4,0.6,780,5460,7,0.005,0.1,17.3896521,TRUE
522,0.3,0.4,0.6,780,5460,7,0.005,0.3,10.03992032,TRUE
523,0.3,0.4,0.6,780,7800,10,0.25,0.1,2.939387691,TRUE
524,0.3,0.4,0.6,780,7800,10,0.25,0.3,1.697056275,TRUE
525,0.3,0.4,0.6,780,7800,10,0.01,0.1,14.69693846,TRUE
526,0.3,0.4,0.6,780,7800,10,0.01,0.3,8.485281374,TRUE
527,0.3,0.4,0.6,780,7800,10,0.005,0.1,20.78460969,TRUE
528,0.3,0.4,0.6,780,7800,10,0.005,0.3,12,TRUE
529,0.3,0.4,0.6,37500,37500,1,0.25,0.1,0.929516003,FALSE
530,0.3,0.4,0.6,37500,37500,1,0.25,0.3,0.536656315,FALSE
531,0.3,0.4,0.6,37500,37500,1,0.01,0.1,4.647580015,TRUE
532,0.3,0.4,0.6,37500,37500,1,0.01,0.3,2.683281573,TRUE
533,0.3,0.4,0.6,37500,37500,1,0.005,0.1,6.57267069,TRUE
534,0.3,0.4,0.6,37500,37500,1,0.005,0.3,3.794733192,TRUE
535,0.3,0.4,0.6,37500,93750,2.5,0.25,0.1,1.469693846,TRUE
536,0.3,0.4,0.6,37500,93750,2.5,0.25,0.3,0.848528137,FALSE
537,0.3,0.4,0.6,37500,93750,2.5,0.01,0.1,7.348469228,TRUE
538,0.3,0.4,0.6,37500,93750,2.5,0.01,0.3,4.242640687,TRUE
539,0.3,0.4,0.6,37500,93750,2.5,0.005,0.1,10.39230485,TRUE
540,0.3,0.4,0.6,37500,93750,2.5,0.005,0.3,6,TRUE
541,0.3,0.4,0.6,37500,262500,7,0.25,0.1,2.459268184,TRUE
542,0.3,0.4,0.6,37500,262500,7,0.25,0.3,1.419859148,TRUE
543,0.3,0.4,0.6,37500,262500,7,0.01,0.1,12.29634092,TRUE
544,0.3,0.4,0.6,37500,262500,7,0.01,0.3,7.09929574,TRUE
545,0.3,0.4,0.6,37500,262500,7,0.005,0.1,17.3896521,TRUE
546,0.3,0.4,0.6,37500,262500,7,0.005,0.3,10.03992032,TRUE
547,0.3,0.4,0.6,37500,375000,10,0.25,0.1,2.939387691,TRUE
548,0.3,0.4,0.6,37500,375000,10,0.25,0.3,1.697056275,TRUE
549,0.3,0.4,0.6,37500,375000,10,0.01,0.1,14.69693846,TRUE
550,0.3,0.4,0.6,37500,375000,10,0.01,0.3,8.485281374,TRUE
551,0.3,0.4,0.6,37500,375000,10,0.005,0.1,20.78460969,TRUE
552,0.3,0.4,0.6,37500,375000,10,0.005,0.3,12,TRUE
553,0.3,0.4,0.6,19820,19820,1,0.25,0.1,0.929516003,FALSE
554,0.3,0.4,0.6,19820,19820,1,0.25,0.3,0.536656315,FALSE
555,0.3,0.4,0.6,19820,19820,1,0.01,0.1,4.647580015,TRUE
556,0.3,0.4,0.6,19820,19820,1,0.01,0.3,2.683281573,TRUE
557,0.3,0.4,0.6,19820,19820,1,0.005,0.1,6.57267069,TRUE
558,0.3,0.4,0.6,19820,19820,1,0.005,0.3,3.794733192,TRUE
559,0.3,0.4,0.6,19820,49550,2.5,0.25,0.1,1.469693846,TRUE
560,0.3,0.4,0.6,19820,49550,2.5,0.25,0.3,0.848528137,FALSE
561,0.3,0.4,0.6,19820,49550,2.5,0.01,0.1,7.348469228,TRUE
562,0.3,0.4,0.6,19820,49550,2.5,0.01,0.3,4.242640687,TRUE
563,0.3,0.4,0.6,19820,49550,2.5,0.005,0.1,10.39230485,TRUE
564,0.3,0.4,0.6,19820,49550,2.5,0.005,0.3,6,TRUE
565,0.3,0.4,0.6,19820,138740,7,0.25,0.1,2.459268184,TRUE
566,0.3,0.4,0.6,19820,138740,7,0.25,0.3,1.419859148,TRUE
567,0.3,0.4,0.6,19820,138740,7,0.01,0.1,12.29634092,TRUE
568,0.3,0.4,0.6,19820,138740,7,0.01,0.3,7.09929574,TRUE
569,0.3,0.4,0.6,19820,138740,7,0.005,0.1,17.3896521,TRUE
570,0.3,0.4,0.6,19820,138740,7,0.005,0.3,10.03992032,TRUE
571,0.3,0.4,0.6,19820,198200,10,0.25,0.1,2.939387691,TRUE
572,0.3,0.4,0.6,19820,198200,10,0.25,0.3,1.697056275,TRUE
573,0.3,0.4,0.6,19820,198200,10,0.01,0.1,14.69693846,TRUE
574,0.3,0.4,0.6,19820,198200,10,0.01,0.3,8.485281374,TRUE
575,0.3,0.4,0.6,19820,198200,10,0.005,0.1,20.78460969,TRUE
576,0.3,0.4,0.6,19820,198200,10,0.005,0.3,12,TRUE
577,0.3,0.75,0.08,100,100,1,0.25,0.1,0.464758002,FALSE
578,0.3,0.75,0.08,100,100,1,0.25,0.3,0.268328157,FALSE
579,0.3,0.75,0.08,100,100,1,0.01,0.1,2.323790008,TRUE
580,0.3,0.75,0.08,100,100,1,0.01,0.3,1.341640786,TRUE
581,0.3,0.75,0.08,100,100,1,0.005,0.1,3.286335345,TRUE
582,0.3,0.75,0.08,100,100,1,0.005,0.3,1.897366596,TRUE
583,0.3,0.75,0.08,100,250,2.5,0.25,0.1,0.734846923,FALSE
584,0.3,0.75,0.08,100,250,2.5,0.25,0.3,0.424264069,FALSE
585,0.3,0.75,0.08,100,250,2.5,0.01,0.1,3.674234614,TRUE
586,0.3,0.75,0.08,100,250,2.5,0.01,0.3,2.121320344,TRUE
587,0.3,0.75,0.08,100,250,2.5,0.005,0.1,5.196152423,TRUE
588,0.3,0.75,0.08,100,250,2.5,0.005,0.3,3,TRUE
589,0.3,0.75,0.08,100,700,7,0.25,0.1,1.229634092,TRUE
590,0.3,0.75,0.08,100,700,7,0.25,0.3,0.709929574,FALSE
591,0.3,0.75,0.08,100,700,7,0.01,0.1,6.14817046,TRUE
592,0.3,0.75,0.08,100,700,7,0.01,0.3,3.54964787,TRUE
593,0.3,0.75,0.08,100,700,7,0.005,0.1,8.694826048,TRUE
594,0.3,0.75,0.08,100,700,7,0.005,0.3,5.019960159,TRUE
595,0.3,0.75,0.08,100,1000,10,0.25,0.1,1.469693846,TRUE
596,0.3,0.75,0.08,100,1000,10,0.25,0.3,0.848528137,FALSE
597,0.3,0.75,0.08,100,1000,10,0.01,0.1,7.348469228,TRUE
598,0.3,0.75,0.08,100,1000,10,0.01,0.3,4.242640687,TRUE
599,0.3,0.75,0.08,100,1000,10,0.005,0.1,10.39230485,TRUE
600,0.3,0.75,0.08,100,1000,10,0.005,0.3,6,TRUE
601,0.3,0.75,0.08,780,780,1,0.25,0.1,0.464758002,FALSE
602,0.3,0.75,0.08,780,780,1,0.25,0.3,0.268328157,FALSE
603,0.3,0.75,0.08,780,780,1,0.01,0.1,2.323790008,TRUE
604,0.3,0.75,0.08,780,780,1,0.01,0.3,1.341640786,TRUE
605,0.3,0.75,0.08,780,780,1,0.005,0.1,3.286335345,TRUE
606,0.3,0.75,0.08,780,780,1,0.005,0.3,1.897366596,TRUE
607,0.3,0.75,0.08,780,1950,2.5,0.25,0.1,0.734846923,FALSE
608,0.3,0.75,0.08,780,1950,2.5,0.25,0.3,0.424264069,FALSE
609,0.3,0.75,0.08,780,1950,2.5,0.01,0.1,3.674234614,TRUE
610,0.3,0.75,0.08,780,1950,2.5,0.01,0.3,2.121320344,TRUE
611,0.3,0.75,0.08,780,1950,2.5,0.005,0.1,5.196152423,TRUE
612,0.3,0.75,0.08,780,1950,2.5,0.005,0.3,3,TRUE
613,0.3,0.75,0.08,780,5460,7,0.25,0.1,1.229634092,TRUE
614,0.3,0.75,0.08,780,5460,7,0.25,0.3,0.709929574,FALSE
615,0.3,0.75,0.08,780,5460,7,0.01,0.1,6.14817046,TRUE
616,0.3,0.75,0.08,780,5460,7,0.01,0.3,3.54964787,TRUE
617,0.3,0.75,0.08,780,5460,7,0.005,0.1,8.694826048,TRUE
618,0.3,0.75,0.08,780,5460,7,0.005,0.3,5.019960159,TRUE
619,0.3,0.75,0.08,780,7800,10,0.25,0.1,1.469693846,TRUE
620,0.3,0.75,0.08,780,7800,10,0.25,0.3,0.848528137,FALSE
621,0.3,0.75,0.08,780,7800,10,0.01,0.1,7.348469228,TRUE
622,0.3,0.75,0.08,780,7800,10,0.01,0.3,4.242640687,TRUE
623,0.3,0.75,0.08,780,7800,10,0.005,0.1,10.39230485,TRUE
624,0.3,0.75,0.08,780,7800,10,0.005,0.3,6,TRUE
625,0.3,0.75,0.08,37500,37500,1,0.25,0.1,0.464758002,FALSE
626,0.3,0.75,0.08,37500,37500,1,0.25,0.3,0.268328157,FALSE
627,0.3,0.75,0.08,37500,37500,1,0.01,0.1,2.323790008,TRUE
628,0.3,0.75,0.08,37500,37500,1,0.01,0.3,1.341640786,TRUE
629,0.3,0.75,0.08,37500,37500,1,0.005,0.1,3.286335345,TRUE
630,0.3,0.75,0.08,37500,37500,1,0.005,0.3,1.897366596,TRUE
631,0.3,0.75,0.08,37500,93750,2.5,0.25,0.1,0.734846923,FALSE
632,0.3,0.75,0.08,37500,93750,2.5,0.25,0.3,0.424264069,FALSE
633,0.3,0.75,0.08,37500,93750,2.5,0.01,0.1,3.674234614,TRUE
634,0.3,0.75,0.08,37500,93750,2.5,0.01,0.3,2.121320344,TRUE
635,0.3,0.75,0.08,37500,93750,2.5,0.005,0.1,5.196152423,TRUE
636,0.3,0.75,0.08,37500,93750,2.5,0.005,0.3,3,TRUE
637,0.3,0.75,0.08,37500,262500,7,0.25,0.1,1.229634092,TRUE
638,0.3,0.75,0.08,37500,262500,7,0.25,0.3,0.709929574,FALSE
639,0.3,0.75,0.08,37500,262500,7,0.01,0.1,6.14817046,TRUE
640,0.3,0.75,0.08,37500,262500,7,0.01,0.3,3.54964787,TRUE
641,0.3,0.75,0.08,37500,262500,7,0.005,0.1,8.694826048,TRUE
642,0.3,0.75,0.08,37500,262500,7,0.005,0.3,5.019960159,TRUE
643,0.3,0.75,0.08,37500,375000,10,0.25,0.1,1.469693846,TRUE
644,0.3,0.75,0.08,37500,375000,10,0.25,0.3,0.848528137,FALSE
645,0.3,0.75,0.08,37500,375000,10,0.01,0.1,7.348469228,TRUE
646,0.3,0.75,0.08,37500,375000,10,0.01,0.3,4.242640687,TRUE
647,0.3,0.75,0.08,37500,375000,10,0.005,0.1,10.39230485,TRUE
648,0.3,0.75,0.08,37500,375000,10,0.005,0.3,6,TRUE
649,0.3,0.75,0.08,19820,19820,1,0.25,0.1,0.464758002,FALSE
650,0.3,0.75,0.08,19820,19820,1,0.25,0.3,0.268328157,FALSE
651,0.3,0.75,0.08,19820,19820,1,0.01,0.1,2.323790008,TRUE
652,0.3,0.75,0.08,19820,19820,1,0.01,0.3,1.341640786,TRUE
653,0.3,0.75,0.08,19820,19820,1,0.005,0.1,3.286335345,TRUE
654,0.3,0.75,0.08,19820,19820,1,0.005,0.3,1.897366596,TRUE
655,0.3,0.75,0.08,19820,49550,2.5,0.25,0.1,0.734846923,FALSE
656,0.3,0.75,0.08,19820,49550,2.5,0.25,0.3,0.424264069,FALSE
657,0.3,0.75,0.08,19820,49550,2.5,0.01,0.1,3.674234614,TRUE
658,0.3,0.75,0.08,19820,49550,2.5,0.01,0.3,2.121320344,TRUE
659,0.3,0.75,0.08,19820,49550,2.5,0.005,0.1,5.196152423,TRUE
660,0.3,0.75,0.08,19820,49550,2.5,0.005,0.3,3,TRUE
661,0.3,0.75,0.08,19820,138740,7,0.25,0.1,1.229634092,TRUE
662,0.3,0.75,0.08,19820,138740,7,0.25,0.3,0.709929574,FALSE
663,0.3,0.75,0.08,19820,138740,7,0.01,0.1,6.14817046,TRUE
664,0.3,0.75,0.08,19820,138740,7,0.01,0.3,3.54964787,TRUE
665,0.3,0.75,0.08,19820,138740,7,0.005,0.1,8.694826048,TRUE
666,0.3,0.75,0.08,19820,138740,7,0.005,0.3,5.019960159,TRUE
667,0.3,0.75,0.08,19820,198200,10,0.25,0.1,1.469693846,TRUE
668,0.3,0.75,0.08,19820,198200,10,0.25,0.3,0.848528137,FALSE
669,0.3,0.75,0.08,19820,198200,10,0.01,0.1,7.348469228,TRUE
670,0.3,0.75,0.08,19820,198200,10,0.01,0.3,4.242640687,TRUE
671,0.3,0.75,0.08,19820,198200,10,0.005,0.1,10.39230485,TRUE
672,0.3,0.75,0.08,19820,198200,10,0.005,0.3,6,TRUE
673,0.3,0.75,0.27,100,100,1,0.25,0.1,0.853814968,FALSE
674,0.3,0.75,0.27,100,100,1,0.25,0.3,0.492950302,FALSE
675,0.3,0.75,0.27,100,100,1,0.01,0.1,4.269074841,TRUE
676,0.3,0.75,0.27,100,100,1,0.01,0.3,2.464751509,TRUE
677,0.3,0.75,0.27,100,100,1,0.005,0.1,6.037383539,TRUE
678,0.3,0.75,0.27,100,100,1,0.005,0.3,3.485685012,TRUE
679,0.3,0.75,0.27,100,250,2.5,0.25,0.1,1.35,TRUE
680,0.3,0.75,0.27,100,250,2.5,0.25,0.3,0.779422863,FALSE
681,0.3,0.75,0.27,100,250,2.5,0.01,0.1,6.75,TRUE
682,0.3,0.75,0.27,100,250,2.5,0.01,0.3,3.897114317,TRUE
683,0.3,0.75,0.27,100,250,2.5,0.005,0.1,9.545941546,TRUE
684,0.3,0.75,0.27,100,250,2.5,0.005,0.3,5.511351921,TRUE
685,0.3,0.75,0.27,100,700,7,0.25,0.1,2.258982072,TRUE
686,0.3,0.75,0.27,100,700,7,0.25,0.3,1.304223907,TRUE
687,0.3,0.75,0.27,100,700,7,0.01,0.1,11.29491036,TRUE
688,0.3,0.75,0.27,100,700,7,0.01,0.3,6.521119536,TRUE
689,0.3,0.75,0.27,100,700,7,0.005,0.1,15.97341541,TRUE
690,0.3,0.75,0.27,100,700,7,0.005,0.3,9.222255689,TRUE
691,0.3,0.75,0.27,100,1000,10,0.25,0.1,2.7,TRUE
692,0.3,0.75,0.27,100,1000,10,0.25,0.3,1.558845727,TRUE
693,0.3,0.75,0.27,100,1000,10,0.01,0.1,13.5,TRUE
694,0.3,0.75,0.27,100,1000,10,0.01,0.3,7.794228634,TRUE
695,0.3,0.75,0.27,100,1000,10,0.005,0.1,19.09188309,TRUE
696,0.3,0.75,0.27,100,1000,10,0.005,0.3,11.02270384,TRUE
697,0.3,0.75,0.27,780,780,1,0.25,0.1,0.853814968,FALSE
698,0.3,0.75,0.27,780,780,1,0.25,0.3,0.492950302,FALSE
699,0.3,0.75,0.27,780,780,1,0.01,0.1,4.269074841,TRUE
700,0.3,0.75,0.27,780,780,1,0.01,0.3,2.464751509,TRUE
701,0.3,0.75,0.27,780,780,1,0.005,0.1,6.037383539,TRUE
702,0.3,0.75,0.27,780,780,1,0.005,0.3,3.485685012,TRUE
703,0.3,0.75,0.27,780,1950,2.5,0.25,0.1,1.35,TRUE
704,0.3,0.75,0.27,780,1950,2.5,0.25,0.3,0.779422863,FALSE
705,0.3,0.75,0.27,780,1950,2.5,0.01,0.1,6.75,TRUE
706,0.3,0.75,0.27,780,1950,2.5,0.01,0.3,3.897114317,TRUE
707,0.3,0.75,0.27,780,1950,2.5,0.005,0.1,9.545941546,TRUE
708,0.3,0.75,0.27,780,1950,2.5,0.005,0.3,5.511351921,TRUE
709,0.3,0.75,0.27,780,5460,7,0.25,0.1,2.258982072,TRUE
710,0.3,0.75,0.27,780,5460,7,0.25,0.3,1.304223907,TRUE
711,0.3,0.75,0.27,780,5460,7,0.01,0.1,11.29491036,TRUE
712,0.3,0.75,0.27,780,5460,7,0.01,0.3,6.521119536,TRUE
713,0.3,0.75,0.27,780,5460,7,0.005,0.1,15.97341541,TRUE
714,0.3,0.75,0.27,780,5460,7,0.005,0.3,9.222255689,TRUE
715,0.3,0.75,0.27,780,7800,10,0.25,0.1,2.7,TRUE
716,0.3,0.75,0.27,780,7800,10,0.25,0.3,1.558845727,TRUE
717,0.3,0.75,0.27,780,7800,10,0.01,0.1,13.5,TRUE
718,0.3,0.75,0.27,780,7800,10,0.01,0.3,7.794228634,TRUE
719,0.3,0.75,0.27,780,7800,10,0.005,0.1,19.09188309,TRUE
720,0.3,0.75,0.27,780,7800,10,0.005,0.3,11.02270384,TRUE
721,0.3,0.75,0.27,37500,37500,1,0.25,0.1,0.853814968,FALSE
722,0.3,0.75,0.27,37500,37500,1,0.25,0.3,0.492950302,FALSE
723,0.3,0.75,0.27,37500,37500,1,0.01,0.1,4.269074841,TRUE
724,0.3,0.75,0.27,37500,37500,1,0.01,0.3,2.464751509,TRUE
725,0.3,0.75,0.27,37500,37500,1,0.005,0.1,6.037383539,TRUE
726,0.3,0.75,0.27,37500,37500,1,0.005,0.3,3.485685012,TRUE
727,0.3,0.75,0.27,37500,93750,2.5,0.25,0.1,1.35,TRUE
728,0.3,0.75,0.27,37500,93750,2.5,0.25,0.3,0.779422863,FALSE
729,0.3,0.75,0.27,37500,93750,2.5,0.01,0.1,6.75,TRUE
730,0.3,0.75,0.27,37500,93750,2.5,0.01,0.3,3.897114317,TRUE
731,0.3,0.75,0.27,37500,93750,2.5,0.005,0.1,9.545941546,TRUE
732,0.3,0.75,0.27,37500,93750,2.5,0.005,0.3,5.511351921,TRUE
733,0.3,0.75,0.27,37500,262500,7,0.25,0.1,2.258982072,TRUE
734,0.3,0.75,0.27,37500,262500,7,0.25,0.3,1.304223907,TRUE
735,0.3,0.75,0.27,37500,262500,7,0.01,0.1,11.29491036,TRUE
736,0.3,0.75,0.27,37500,262500,7,0.01,0.3,6.521119536,TRUE
737,0.3,0.75,0.27,37500,262500,7,0.005,0.1,15.97341541,TRUE
738,0.3,0.75,0.27,37500,262500,7,0.005,0.3,9.222255689,TRUE
739,0.3,0.75,0.27,37500,375000,10,0.25,0.1,2.7,TRUE
740,0.3,0.75,0.27,37500,375000,10,0.25,0.3,1.558845727,TRUE
741,0.3,0.75,0.27,37500,375000,10,0.01,0.1,13.5,TRUE
742,0.3,0.75,0.27,37500,375000,10,0.01,0.3,7.794228634,TRUE
743,0.3,0.75,0.27,37500,375000,10,0.005,0.1,19.09188309,TRUE
744,0.3,0.75,0.27,37500,375000,10,0.005,0.3,11.02270384,TRUE
745,0.3,0.75,0.27,19820,19820,1,0.25,0.1,0.853814968,FALSE
746,0.3,0.75,0.27,19820,19820,1,0.25,0.3,0.492950302,FALSE
747,0.3,0.75,0.27,19820,19820,1,0.01,0.1,4.269074841,TRUE
748,0.3,0.75,0.27,19820,19820,1,0.01,0.3,2.464751509,TRUE
749,0.3,0.75,0.27,19820,19820,1,0.005,0.1,6.037383539,TRUE
750,0.3,0.75,0.27,19820,19820,1,0.005,0.3,3.485685012,TRUE
751,0.3,0.75,0.27,19820,49550,2.5,0.25,0.1,1.35,TRUE
752,0.3,0.75,0.27,19820,49550,2.5,0.25,0.3,0.779422863,FALSE
753,0.3,0.75,0.27,19820,49550,2.5,0.01,0.1,6.75,TRUE
754,0.3,0.75,0.27,19820,49550,2.5,0.01,0.3,3.897114317,TRUE
755,0.3,0.75,0.27,19820,49550,2.5,0.005,0.1,9.545941546,TRUE
756,0.3,0.75,0.27,19820,49550,2.5,0.005,0.3,5.511351921,TRUE
757,0.3,0.75,0.27,19820,138740,7,0.25,0.1,2.258982072,TRUE
758,0.3,0.75,0.27,19820,138740,7,0.25,0.3,1.304223907,TRUE
759,0.3,0.75,0.27,19820,138740,7,0.01,0.1,11.29491036,TRUE
760,0.3,0.75,0.27,19820,138740,7,0.01,0.3,6.521119536,TRUE
761,0.3,0.75,0.27,19820,138740,7,0.005,0.1,15.97341541,TRUE
762,0.3,0.75,0.27,19820,138740,7,0.005,0.3,9.222255689,TRUE
763,0.3,0.75,0.27,19820,198200,10,0.25,0.1,2.7,TRUE
764,0.3,0.75,0.27,19820,198200,10,0.25,0.3,1.558845727,TRUE
765,0.3,0.75,0.27,19820,198200,10,0.01,0.1,13.5,TRUE
766,0.3,0.75,0.27,19820,198200,10,0.01,0.3,7.794228634,TRUE
767,0.3,0.75,0.27,19820,198200,10,0.005,0.1,19.09188309,TRUE
768,0.3,0.75,0.27,19820,198200,10,0.005,0.3,11.02270384,TRUE
769,0.3,0.75,0.6,100,100,1,0.25,0.1,1.272792206,TRUE
770,0.3,0.75,0.6,100,100,1,0.25,0.3,0.734846923,FALSE
771,0.3,0.75,0.6,100,100,1,0.01,0.1,6.363961031,TRUE
772,0.3,0.75,0.6,100,100,1,0.01,0.3,3.674234614,TRUE
773,0.3,0.75,0.6,100,100,1,0.005,0.1,9,TRUE
774,0.3,0.75,0.6,100,100,1,0.005,0.3,5.196152423,TRUE
775,0.3,0.75,0.6,100,250,2.5,0.25,0.1,2.01246118,TRUE
776,0.3,0.75,0.6,100,250,2.5,0.25,0.3,1.161895004,TRUE
777,0.3,0.75,0.6,100,250,2.5,0.01,0.1,10.0623059,TRUE
778,0.3,0.75,0.6,100,250,2.5,0.01,0.3,5.809475019,TRUE
779,0.3,0.75,0.6,100,250,2.5,0.005,0.1,14.23024947,TRUE
780,0.3,0.75,0.6,100,250,2.5,0.005,0.3,8.215838363,TRUE
781,0.3,0.75,0.6,100,700,7,0.25,0.1,3.367491648,TRUE
782,0.3,0.75,0.6,100,700,7,0.25,0.3,1.94422221,TRUE
783,0.3,0.75,0.6,100,700,7,0.01,0.1,16.83745824,TRUE
784,0.3,0.75,0.6,100,700,7,0.01,0.3,9.721111048,TRUE
785,0.3,0.75,0.6,100,700,7,0.005,0.1,23.8117618,TRUE
786,0.3,0.75,0.6,100,700,7,0.005,0.3,13.74772708,TRUE
787,0.3,0.75,0.6,100,1000,10,0.25,0.1,4.024922359,TRUE
788,0.3,0.75,0.6,100,1000,10,0.25,0.3,2.323790008,TRUE
789,0.3,0.75,0.6,100,1000,10,0.01,0.1,20.1246118,TRUE
790,0.3,0.75,0.6,100,1000,10,0.01,0.3,11.61895004,TRUE
791,0.3,0.75,0.6,100,1000,10,0.005,0.1,28.46049894,TRUE
792,0.3,0.75,0.6,100,1000,10,0.005,0.3,16.43167673,TRUE
793,0.3,0.75,0.6,780,780,1,0.25,0.1,1.272792206,TRUE
794,0.3,0.75,0.6,780,780,1,0.25,0.3,0.734846923,FALSE
795,0.3,0.75,0.6,780,780,1,0.01,0.1,6.363961031,TRUE
796,0.3,0.75,0.6,780,780,1,0.01,0.3,3.674234614,TRUE
797,0.3,0.75,0.6,780,780,1,0.005,0.1,9,TRUE
798,0.3,0.75,0.6,780,780,1,0.005,0.3,5.196152423,TRUE
799,0.3,0.75,0.6,780,1950,2.5,0.25,0.1,2.01246118,TRUE
800,0.3,0.75,0.6,780,1950,2.5,0.25,0.3,1.161895004,TRUE
801,0.3,0.75,0.6,780,1950,2.5,0.01,0.1,10.0623059,TRUE
802,0.3,0.75,0.6,780,1950,2.5,0.01,0.3,5.809475019,TRUE
803,0.3,0.75,0.6,780,1950,2.5,0.005,0.1,14.23024947,TRUE
804,0.3,0.75,0.6,780,1950,2.5,0.005,0.3,8.215838363,TRUE
805,0.3,0.75,0.6,780,5460,7,0.25,0.1,3.367491648,TRUE
806,0.3,0.75,0.6,780,5460,7,0.25,0.3,1.94422221,TRUE
807,0.3,0.75,0.6,780,5460,7,0.01,0.1,16.83745824,TRUE
808,0.3,0.75,0.6,780,5460,7,0.01,0.3,9.721111048,TRUE
809,0.3,0.75,0.6,780,5460,7,0.005,0.1,23.8117618,TRUE
810,0.3,0.75,0.6,780,5460,7,0.005,0.3,13.74772708,TRUE
811,0.3,0.75,0.6,780,7800,10,0.25,0.1,4.024922359,TRUE
812,0.3,0.75,0.6,780,7800,10,0.25,0.3,2.323790008,TRUE
813,0.3,0.75,0.6,780,7800,10,0.01,0.1,20.1246118,TRUE
814,0.3,0.75,0.6,780,7800,10,0.01,0.3,11.61895004,TRUE
815,0.3,0.75,0.6,780,7800,10,0.005,0.1,28.46049894,TRUE
816,0.3,0.75,0.6,780,7800,10,0.005,0.3,16.43167673,TRUE
817,0.3,0.75,0.6,37500,37500,1,0.25,0.1,1.272792206,TRUE
818,0.3,0.75,0.6,37500,37500,1,0.25,0.3,0.734846923,FALSE
819,0.3,0.75,0.6,37500,37500,1,0.01,0.1,6.363961031,TRUE
820,0.3,0.75,0.6,37500,37500,1,0.01,0.3,3.674234614,TRUE
821,0.3,0.75,0.6,37500,37500,1,0.005,0.1,9,TRUE
822,0.3,0.75,0.6,37500,37500,1,0.005,0.3,5.196152423,TRUE
823,0.3,0.75,0.6,37500,93750,2.5,0.25,0.1,2.01246118,TRUE
824,0.3,0.75,0.6,37500,93750,2.5,0.25,0.3,1.161895004,TRUE
825,0.3,0.75,0.6,37500,93750,2.5,0.01,0.1,10.0623059,TRUE
826,0.3,0.75,0.6,37500,93750,2.5,0.01,0.3,5.809475019,TRUE
827,0.3,0.75,0.6,37500,93750,2.5,0.005,0.1,14.23024947,TRUE
828,0.3,0.75,0.6,37500,93750,2.5,0.005,0.3,8.215838363,TRUE
829,0.3,0.75,0.6,37500,262500,7,0.25,0.1,3.367491648,TRUE
830,0.3,0.75,0.6,37500,262500,7,0.25,0.3,1.94422221,TRUE
831,0.3,0.75,0.6,37500,262500,7,0.01,0.1,16.83745824,TRUE
832,0.3,0.75,0.6,37500,262500,7,0.01,0.3,9.721111048,TRUE
833,0.3,0.75,0.6,37500,262500,7,0.005,0.1,23.8117618,TRUE
834,0.3,0.75,0.6,37500,262500,7,0.005,0.3,13.74772708,TRUE
835,0.3,0.75,0.6,37500,375000,10,0.25,0.1,4.024922359,TRUE
836,0.3,0.75,0.6,37500,375000,10,0.25,0.3,2.323790008,TRUE
837,0.3,0.75,0.6,37500,375000,10,0.01,0.1,20.1246118,TRUE
838,0.3,0.75,0.6,37500,375000,10,0.01,0.3,11.61895004,TRUE
839,0.3,0.75,0.6,37500,375000,10,0.005,0.1,28.46049894,TRUE
840,0.3,0.75,0.6,37500,375000,10,0.005,0.3,16.43167673,TRUE
841,0.3,0.75,0.6,19820,19820,1,0.25,0.1,1.272792206,TRUE
842,0.3,0.75,0.6,19820,19820,1,0.25,0.3,0.734846923,FALSE
843,0.3,0.75,0.6,19820,19820,1,0.01,0.1,6.363961031,TRUE
844,0.3,0.75,0.6,19820,19820,1,0.01,0.3,3.674234614,TRUE
845,0.3,0.75,0.6,19820,19820,1,0.005,0.1,9,TRUE
846,0.3,0.75,0.6,19820,19820,1,0.005,0.3,5.196152423,TRUE
847,0.3,0.75,0.6,19820,49550,2.5,0.25,0.1,2.01246118,TRUE
848,0.3,0.75,0.6,19820,49550,2.5,0.25,0.3,1.161895004,TRUE
849,0.3,0.75,0.6,19820,49550,2.5,0.01,0.1,10.0623059,TRUE
850,0.3,0.75,0.6,19820,49550,2.5,0.01,0.3,5.809475019,TRUE
851,0.3,0.75,0.6,19820,49550,2.5,0.005,0.1,14.23024947,TRUE
852,0.3,0.75,0.6,19820,49550,2.5,0.005,0.3,8.215838363,TRUE
853,0.3,0.75,0.6,19820,138740,7,0.25,0.1,3.367491648,TRUE
854,0.3,0.75,0.6,19820,138740,7,0.25,0.3,1.94422221,TRUE
855,0.3,0.75,0.6,19820,138740,7,0.01,0.1,16.83745824,TRUE
856,0.3,0.75,0.6,19820,138740,7,0.01,0.3,9.721111048,TRUE
857,0.3,0.75,0.6,19820,138740,7,0.005,0.1,23.8117618,TRUE
858,0.3,0.75,0.6,19820,138740,7,0.005,0.3,13.74772708,TRUE
859,0.3,0.75,0.6,19820,198200,10,0.25,0.1,4.024922359,TRUE
860,0.3,0.75,0.6,19820,198200,10,0.25,0.3,2.323790008,TRUE
861,0.3,0.75,0.6,19820,198200,10,0.01,0.1,20.1246118,TRUE
862,0.3,0.75,0.6,19820,198200,10,0.01,0.3,11.61895004,TRUE
863,0.3,0.75,0.6,19820,198200,10,0.005,0.1,28.46049894,TRUE
864,0.3,0.75,0.6,19820,198200,10,0.005,0.3,16.43167673,TRUE
865,1,0.1,0.08,100,100,1,0.25,0.1,0.565685425,FALSE
866,1,0.1,0.08,100,100,1,0.25,0.3,0.326598632,FALSE
867,1,0.1,0.08,100,100,1,0.01,0.1,2.828427125,TRUE
868,1,0.1,0.08,100,100,1,0.01,0.3,1.632993162,TRUE
869,1,0.1,0.08,100,100,1,0.005,0.1,4,TRUE
870,1,0.1,0.08,100,100,1,0.005,0.3,2.309401077,TRUE
871,1,0.1,0.08,100,250,2.5,0.25,0.1,0.894427191,FALSE
872,1,0.1,0.08,100,250,2.5,0.25,0.3,0.516397779,FALSE
873,1,0.1,0.08,100,250,2.5,0.01,0.1,4.472135955,TRUE
874,1,0.1,0.08,100,250,2.5,0.01,0.3,2.581988897,TRUE
875,1,0.1,0.08,100,250,2.5,0.005,0.1,6.32455532,TRUE
876,1,0.1,0.08,100,250,2.5,0.005,0.3,3.651483717,TRUE
877,1,0.1,0.08,100,700,7,0.25,0.1,1.496662955,TRUE
878,1,0.1,0.08,100,700,7,0.25,0.3,0.86409876,FALSE
879,1,0.1,0.08,100,700,7,0.01,0.1,7.483314774,TRUE
880,1,0.1,0.08,100,700,7,0.01,0.3,4.320493799,TRUE
881,1,0.1,0.08,100,700,7,0.005,0.1,10.58300524,TRUE
882,1,0.1,0.08,100,700,7,0.005,0.3,6.110100927,TRUE
883,1,0.1,0.08,100,1000,10,0.25,0.1,1.788854382,TRUE
884,1,0.1,0.08,100,1000,10,0.25,0.3,1.032795559,TRUE
885,1,0.1,0.08,100,1000,10,0.01,0.1,8.94427191,TRUE
886,1,0.1,0.08,100,1000,10,0.01,0.3,5.163977795,TRUE
887,1,0.1,0.08,100,1000,10,0.005,0.1,12.64911064,TRUE
888,1,0.1,0.08,100,1000,10,0.005,0.3,7.302967433,TRUE
889,1,0.1,0.08,780,780,1,0.25,0.1,0.565685425,FALSE
890,1,0.1,0.08,780,780,1,0.25,0.3,0.326598632,FALSE
891,1,0.1,0.08,780,780,1,0.01,0.1,2.828427125,TRUE
892,1,0.1,0.08,780,780,1,0.01,0.3,1.632993162,TRUE
893,1,0.1,0.08,780,780,1,0.005,0.1,4,TRUE
894,1,0.1,0.08,780,780,1,0.005,0.3,2.309401077,TRUE
895,1,0.1,0.08,780,1950,2.5,0.25,0.1,0.894427191,FALSE
896,1,0.1,0.08,780,1950,2.5,0.25,0.3,0.516397779,FALSE
897,1,0.1,0.08,780,1950,2.5,0.01,0.1,4.472135955,TRUE
898,1,0.1,0.08,780,1950,2.5,0.01,0.3,2.581988897,TRUE
899,1,0.1,0.08,780,1950,2.5,0.005,0.1,6.32455532,TRUE
900,1,0.1,0.08,780,1950,2.5,0.005,0.3,3.651483717,TRUE
901,1,0.1,0.08,780,5460,7,0.25,0.1,1.496662955,TRUE
902,1,0.1,0.08,780,5460,7,0.25,0.3,0.86409876,FALSE
903,1,0.1,0.08,780,5460,7,0.01,0.1,7.483314774,TRUE
904,1,0.1,0.08,780,5460,7,0.01,0.3,4.320493799,TRUE
905,1,0.1,0.08,780,5460,7,0.005,0.1,10.58300524,TRUE
906,1,0.1,0.08,780,5460,7,0.005,0.3,6.110100927,TRUE
907,1,0.1,0.08,780,7800,10,0.25,0.1,1.788854382,TRUE
908,1,0.1,0.08,780,7800,10,0.25,0.3,1.032795559,TRUE
909,1,0.1,0.08,780,7800,10,0.01,0.1,8.94427191,TRUE
910,1,0.1,0.08,780,7800,10,0.01,0.3,5.163977795,TRUE
911,1,0.1,0.08,780,7800,10,0.005,0.1,12.64911064,TRUE
912,1,0.1,0.08,780,7800,10,0.005,0.3,7.302967433,TRUE
913,1,0.1,0.08,37500,37500,1,0.25,0.1,0.565685425,FALSE
914,1,0.1,0.08,37500,37500,1,0.25,0.3,0.326598632,FALSE
915,1,0.1,0.08,37500,37500,1,0.01,0.1,2.828427125,TRUE
916,1,0.1,0.08,37500,37500,1,0.01,0.3,1.632993162,TRUE
917,1,0.1,0.08,37500,37500,1,0.005,0.1,4,TRUE
918,1,0.1,0.08,37500,37500,1,0.005,0.3,2.309401077,TRUE
919,1,0.1,0.08,37500,93750,2.5,0.25,0.1,0.894427191,FALSE
920,1,0.1,0.08,37500,93750,2.5,0.25,0.3,0.516397779,FALSE
921,1,0.1,0.08,37500,93750,2.5,0.01,0.1,4.472135955,TRUE
922,1,0.1,0.08,37500,93750,2.5,0.01,0.3,2.581988897,TRUE
923,1,0.1,0.08,37500,93750,2.5,0.005,0.1,6.32455532,TRUE
924,1,0.1,0.08,37500,93750,2.5,0.005,0.3,3.651483717,TRUE
925,1,0.1,0.08,37500,262500,7,0.25,0.1,1.496662955,TRUE
926,1,0.1,0.08,37500,262500,7,0.25,0.3,0.86409876,FALSE
927,1,0.1,0.08,37500,262500,7,0.01,0.1,7.483314774,TRUE
928,1,0.1,0.08,37500,262500,7,0.01,0.3,4.320493799,TRUE
929,1,0.1,0.08,37500,262500,7,0.005,0.1,10.58300524,TRUE
930,1,0.1,0.08,37500,262500,7,0.005,0.3,6.110100927,TRUE
931,1,0.1,0.08,37500,375000,10,0.25,0.1,1.788854382,TRUE
932,1,0.1,0.08,37500,375000,10,0.25,0.3,1.032795559,TRUE
933,1,0.1,0.08,37500,375000,10,0.01,0.1,8.94427191,TRUE
934,1,0.1,0.08,37500,375000,10,0.01,0.3,5.163977795,TRUE
935,1,0.1,0.08,37500,375000,10,0.005,0.1,12.64911064,TRUE
936,1,0.1,0.08,37500,375000,10,0.005,0.3,7.302967433,TRUE
937,1,0.1,0.08,19820,19820,1,0.25,0.1,0.565685425,FALSE
938,1,0.1,0.08,19820,19820,1,0.25,0.3,0.326598632,FALSE
939,1,0.1,0.08,19820,19820,1,0.01,0.1,2.828427125,TRUE
940,1,0.1,0.08,19820,19820,1,0.01,0.3,1.632993162,TRUE
941,1,0.1,0.08,19820,19820,1,0.005,0.1,4,TRUE
942,1,0.1,0.08,19820,19820,1,0.005,0.3,2.309401077,TRUE
943,1,0.1,0.08,19820,49550,2.5,0.25,0.1,0.894427191,FALSE
944,1,0.1,0.08,19820,49550,2.5,0.25,0.3,0.516397779,FALSE
945,1,0.1,0.08,19820,49550,2.5,0.01,0.1,4.472135955,TRUE
946,1,0.1,0.08,19820,49550,2.5,0.01,0.3,2.581988897,TRUE
947,1,0.1,0.08,19820,49550,2.5,0.005,0.1,6.32455532,TRUE
948,1,0.1,0.08,19820,49550,2.5,0.005,0.3,3.651483717,TRUE
949,1,0.1,0.08,19820,138740,7,0.25,0.1,1.496662955,TRUE
950,1,0.1,0.08,19820,138740,7,0.25,0.3,0.86409876,FALSE
951,1,0.1,0.08,19820,138740,7,0.01,0.1,7.483314774,TRUE
952,1,0.1,0.08,19820,138740,7,0.01,0.3,4.320493799,TRUE
953,1,0.1,0.08,19820,138740,7,0.005,0.1,10.58300524,TRUE
954,1,0.1,0.08,19820,138740,7,0.005,0.3,6.110100927,TRUE
955,1,0.1,0.08,19820,198200,10,0.25,0.1,1.788854382,TRUE
956,1,0.1,0.08,19820,198200,10,0.25,0.3,1.032795559,TRUE
957,1,0.1,0.08,19820,198200,10,0.01,0.1,8.94427191,TRUE
958,1,0.1,0.08,19820,198200,10,0.01,0.3,5.163977795,TRUE
959,1,0.1,0.08,19820,198200,10,0.005,0.1,12.64911064,TRUE
960,1,0.1,0.08,19820,198200,10,0.005,0.3,7.302967433,TRUE
961,1,0.1,0.27,100,100,1,0.25,0.1,1.039230485,TRUE
962,1,0.1,0.27,100,100,1,0.25,0.3,0.6,FALSE
963,1,0.1,0.27,100,100,1,0.01,0.1,5.196152423,TRUE
964,1,0.1,0.27,100,100,1,0.01,0.3,3,TRUE
965,1,0.1,0.27,100,100,1,0.005,0.1,7.348469228,TRUE
966,1,0.1,0.27,100,100,1,0.005,0.3,4.242640687,TRUE
967,1,0.1,0.27,100,250,2.5,0.25,0.1,1.643167673,TRUE
968,1,0.1,0.27,100,250,2.5,0.25,0.3,0.948683298,FALSE
969,1,0.1,0.27,100,250,2.5,0.01,0.1,8.215838363,TRUE
970,1,0.1,0.27,100,250,2.5,0.01,0.3,4.74341649,TRUE
971,1,0.1,0.27,100,250,2.5,0.005,0.1,11.61895004,TRUE
972,1,0.1,0.27,100,250,2.5,0.005,0.3,6.708203932,TRUE
973,1,0.1,0.27,100,700,7,0.25,0.1,2.749545417,TRUE
974,1,0.1,0.27,100,700,7,0.25,0.3,1.587450787,TRUE
975,1,0.1,0.27,100,700,7,0.01,0.1,13.74772708,TRUE
976,1,0.1,0.27,100,700,7,0.01,0.3,7.937253933,TRUE
977,1,0.1,0.27,100,700,7,0.005,0.1,19.4422221,TRUE
978,1,0.1,0.27,100,700,7,0.005,0.3,11.22497216,TRUE
979,1,0.1,0.27,100,1000,10,0.25,0.1,3.286335345,TRUE
980,1,0.1,0.27,100,1000,10,0.25,0.3,1.897366596,TRUE
981,1,0.1,0.27,100,1000,10,0.01,0.1,16.43167673,TRUE
982,1,0.1,0.27,100,1000,10,0.01,0.3,9.486832981,TRUE
983,1,0.1,0.27,100,1000,10,0.005,0.1,23.23790008,TRUE
984,1,0.1,0.27,100,1000,10,0.005,0.3,13.41640786,TRUE
985,1,0.1,0.27,780,780,1,0.25,0.1,1.039230485,TRUE
986,1,0.1,0.27,780,780,1,0.25,0.3,0.6,FALSE
987,1,0.1,0.27,780,780,1,0.01,0.1,5.196152423,TRUE
988,1,0.1,0.27,780,780,1,0.01,0.3,3,TRUE
989,1,0.1,0.27,780,780,1,0.005,0.1,7.348469228,TRUE
990,1,0.1,0.27,780,780,1,0.005,0.3,4.242640687,TRUE
991,1,0.1,0.27,780,1950,2.5,0.25,0.1,1.643167673,TRUE
992,1,0.1,0.27,780,1950,2.5,0.25,0.3,0.948683298,FALSE
993,1,0.1,0.27,780,1950,2.5,0.01,0.1,8.215838363,TRUE
994,1,0.1,0.27,780,1950,2.5,0.01,0.3,4.74341649,TRUE
995,1,0.1,0.27,780,1950,2.5,0.005,0.1,11.61895004,TRUE
996,1,0.1,0.27,780,1950,2.5,0.005,0.3,6.708203932,TRUE
997,1,0.1,0.27,780,5460,7,0.25,0.1,2.749545417,TRUE
998,1,0.1,0.27,780,5460,7,0.25,0.3,1.587450787,TRUE
999,1,0.1,0.27,780,5460,7,0.01,0.1,13.74772708,TRUE
1000,1,0.1,0.27,780,5460,7,0.01,0.3,7.937253933,TRUE
1001,1,0.1,0.27,780,5460,7,0.005,0.1,19.4422221,TRUE
1002,1,0.1,0.27,780,5460,7,0.005,0.3,11.22497216,TRUE
1003,1,0.1,0.27,780,7800,10,0.25,0.1,3.286335345,TRUE
1004,1,0.1,0.27,780,7800,10,0.25,0.3,1.897366596,TRUE
1005,1,0.1,0.27,780,7800,10,0.01,0.1,16.43167673,TRUE
1006,1,0.1,0.27,780,7800,10,0.01,0.3,9.486832981,TRUE
1007,1,0.1,0.27,780,7800,10,0.005,0.1,23.23790008,TRUE
1008,1,0.1,0.27,780,7800,10,0.005,0.3,13.41640786,TRUE
1009,1,0.1,0.27,37500,37500,1,0.25,0.1,1.039230485,TRUE
1010,1,0.1,0.27,37500,37500,1,0.25,0.3,0.6,FALSE
1011,1,0.1,0.27,37500,37500,1,0.01,0.1,5.196152423,TRUE
1012,1,0.1,0.27,37500,37500,1,0.01,0.3,3,TRUE
1013,1,0.1,0.27,37500,37500,1,0.005,0.1,7.348469228,TRUE
1014,1,0.1,0.27,37500,37500,1,0.005,0.3,4.242640687,TRUE
1015,1,0.1,0.27,37500,93750,2.5,0.25,0.1,1.643167673,TRUE
1016,1,0.1,0.27,37500,93750,2.5,0.25,0.3,0.948683298,FALSE
1017,1,0.1,0.27,37500,93750,2.5,0.01,0.1,8.215838363,TRUE
1018,1,0.1,0.27,37500,93750,2.5,0.01,0.3,4.74341649,TRUE
1019,1,0.1,0.27,37500,93750,2.5,0.005,0.1,11.61895004,TRUE
1020,1,0.1,0.27,37500,93750,2.5,0.005,0.3,6.708203932,TRUE
1021,1,0.1,0.27,37500,262500,7,0.25,0.1,2.749545417,TRUE
1022,1,0.1,0.27,37500,262500,7,0.25,0.3,1.587450787,TRUE
1023,1,0.1,0.27,37500,262500,7,0.01,0.1,13.74772708,TRUE
1024,1,0.1,0.27,37500,262500,7,0.01,0.3,7.937253933,TRUE
1025,1,0.1,0.27,37500,262500,7,0.005,0.1,19.4422221,TRUE
1026,1,0.1,0.27,37500,262500,7,0.005,0.3,11.22497216,TRUE
1027,1,0.1,0.27,37500,375000,10,0.25,0.1,3.286335345,TRUE
1028,1,0.1,0.27,37500,375000,10,0.25,0.3,1.897366596,TRUE
1029,1,0.1,0.27,37500,375000,10,0.01,0.1,16.43167673,TRUE
1030,1,0.1,0.27,37500,375000,10,0.01,0.3,9.486832981,TRUE
1031,1,0.1,0.27,37500,375000,10,0.005,0.1,23.23790008,TRUE
1032,1,0.1,0.27,37500,375000,10,0.005,0.3,13.41640786,TRUE
1033,1,0.1,0.27,19820,19820,1,0.25,0.1,1.039230485,TRUE
1034,1,0.1,0.27,19820,19820,1,0.25,0.3,0.6,FALSE
1035,1,0.1,0.27,19820,19820,1,0.01,0.1,5.196152423,TRUE
1036,1,0.1,0.27,19820,19820,1,0.01,0.3,3,TRUE
1037,1,0.1,0.27,19820,19820,1,0.005,0.1,7.348469228,TRUE
1038,1,0.1,0.27,19820,19820,1,0.005,0.3,4.242640687,TRUE
1039,1,0.1,0.27,19820,49550,2.5,0.25,0.1,1.643167673,TRUE
1040,1,0.1,0.27,19820,49550,2.5,0.25,0.3,0.948683298,FALSE
1041,1,0.1,0.27,19820,49550,2.5,0.01,0.1,8.215838363,TRUE
1042,1,0.1,0.27,19820,49550,2.5,0.01,0.3,4.74341649,TRUE
1043,1,0.1,0.27,19820,49550,2.5,0.005,0.1,11.61895004,TRUE
1044,1,0.1,0.27,19820,49550,2.5,0.005,0.3,6.708203932,TRUE
1045,1,0.1,0.27,19820,138740,7,0.25,0.1,2.749545417,TRUE
1046,1,0.1,0.27,19820,138740,7,0.25,0.3,1.587450787,TRUE
1047,1,0.1,0.27,19820,138740,7,0.01,0.1,13.74772708,TRUE
1048,1,0.1,0.27,19820,138740,7,0.01,0.3,7.937253933,TRUE
1049,1,0.1,0.27,19820,138740,7,0.005,0.1,19.4422221,TRUE
1050,1,0.1,0.27,19820,138740,7,0.005,0.3,11.22497216,TRUE
1051,1,0.1,0.27,19820,198200,10,0.25,0.1,3.286335345,TRUE
1052,1,0.1,0.27,19820,198200,10,0.25,0.3,1.897366596,TRUE
1053,1,0.1,0.27,19820,198200,10,0.01,0.1,16.43167673,TRUE
1054,1,0.1,0.27,19820,198200,10,0.01,0.3,9.486832981,TRUE
1055,1,0.1,0.27,19820,198200,10,0.005,0.1,23.23790008,TRUE
1056,1,0.1,0.27,19820,198200,10,0.005,0.3,13.41640786,TRUE
1057,1,0.1,0.6,100,100,1,0.25,0.1,1.549193338,TRUE
1058,1,0.1,0.6,100,100,1,0.25,0.3,0.894427191,FALSE
1059,1,0.1,0.6,100,100,1,0.01,0.1,7.745966692,TRUE
1060,1,0.1,0.6,100,100,1,0.01,0.3,4.472135955,TRUE
1061,1,0.1,0.6,100,100,1,0.005,0.1,10.95445115,TRUE
1062,1,0.1,0.6,100,100,1,0.005,0.3,6.32455532,TRUE
1063,1,0.1,0.6,100,250,2.5,0.25,0.1,2.449489743,TRUE
1064,1,0.1,0.6,100,250,2.5,0.25,0.3,1.414213562,TRUE
1065,1,0.1,0.6,100,250,2.5,0.01,0.1,12.24744871,TRUE
1066,1,0.1,0.6,100,250,2.5,0.01,0.3,7.071067812,TRUE
1067,1,0.1,0.6,100,250,2.5,0.005,0.1,17.32050808,TRUE
1068,1,0.1,0.6,100,250,2.5,0.005,0.3,10,TRUE
1069,1,0.1,0.6,100,700,7,0.25,0.1,4.098780306,TRUE
1070,1,0.1,0.6,100,700,7,0.25,0.3,2.366431913,TRUE
1071,1,0.1,0.6,100,700,7,0.01,0.1,20.49390153,TRUE
1072,1,0.1,0.6,100,700,7,0.01,0.3,11.83215957,TRUE
1073,1,0.1,0.6,100,700,7,0.005,0.1,28.98275349,TRUE
1074,1,0.1,0.6,100,700,7,0.005,0.3,16.73320053,TRUE
1075,1,0.1,0.6,100,1000,10,0.25,0.1,4.898979486,TRUE
1076,1,0.1,0.6,100,1000,10,0.25,0.3,2.828427125,TRUE
1077,1,0.1,0.6,100,1000,10,0.01,0.1,24.49489743,TRUE
1078,1,0.1,0.6,100,1000,10,0.01,0.3,14.14213562,TRUE
1079,1,0.1,0.6,100,1000,10,0.005,0.1,34.64101615,TRUE
1080,1,0.1,0.6,100,1000,10,0.005,0.3,20,TRUE
1081,1,0.1,0.6,780,780,1,0.25,0.1,1.549193338,TRUE
1082,1,0.1,0.6,780,780,1,0.25,0.3,0.894427191,FALSE
1083,1,0.1,0.6,780,780,1,0.01,0.1,7.745966692,TRUE
1084,1,0.1,0.6,780,780,1,0.01,0.3,4.472135955,TRUE
1085,1,0.1,0.6,780,780,1,0.005,0.1,10.95445115,TRUE
1086,1,0.1,0.6,780,780,1,0.005,0.3,6.32455532,TRUE
1087,1,0.1,0.6,780,1950,2.5,0.25,0.1,2.449489743,TRUE
1088,1,0.1,0.6,780,1950,2.5,0.25,0.3,1.414213562,TRUE
1089,1,0.1,0.6,780,1950,2.5,0.01,0.1,12.24744871,TRUE
1090,1,0.1,0.6,780,1950,2.5,0.01,0.3,7.071067812,TRUE
1091,1,0.1,0.6,780,1950,2.5,0.005,0.1,17.32050808,TRUE
1092,1,0.1,0.6,780,1950,2.5,0.005,0.3,10,TRUE
1093,1,0.1,0.6,780,5460,7,0.25,0.1,4.098780306,TRUE
1094,1,0.1,0.6,780,5460,7,0.25,0.3,2.366431913,TRUE
1095,1,0.1,0.6,780,5460,7,0.01,0.1,20.49390153,TRUE
1096,1,0.1,0.6,780,5460,7,0.01,0.3,11.83215957,TRUE
1097,1,0.1,0.6,780,5460,7,0.005,0.1,28.98275349,TRUE
1098,1,0.1,0.6,780,5460,7,0.005,0.3,16.73320053,TRUE
1099,1,0.1,0.6,780,7800,10,0.25,0.1,4.898979486,TRUE
1100,1,0.1,0.6,780,7800,10,0.25,0.3,2.828427125,TRUE
1101,1,0.1,0.6,780,7800,10,0.01,0.1,24.49489743,TRUE
1102,1,0.1,0.6,780,7800,10,0.01,0.3,14.14213562,TRUE
1103,1,0.1,0.6,780,7800,10,0.005,0.1,34.64101615,TRUE
1104,1,0.1,0.6,780,7800,10,0.005,0.3,20,TRUE
1105,1,0.1,0.6,37500,37500,1,0.25,0.1,1.549193338,TRUE
1106,1,0.1,0.6,37500,37500,1,0.25,0.3,0.894427191,FALSE
1107,1,0.1,0.6,37500,37500,1,0.01,0.1,7.745966692,TRUE
1108,1,0.1,0.6,37500,37500,1,0.01,0.3,4.472135955,TRUE
1109,1,0.1,0.6,37500,37500,1,0.005,0.1,10.95445115,TRUE
1110,1,0.1,0.6,37500,37500,1,0.005,0.3,6.32455532,TRUE
1111,1,0.1,0.6,37500,93750,2.5,0.25,0.1,2.449489743,TRUE
1112,1,0.1,0.6,37500,93750,2.5,0.25,0.3,1.414213562,TRUE
1113,1,0.1,0.6,37500,93750,2.5,0.01,0.1,12.24744871,TRUE
1114,1,0.1,0.6,37500,93750,2.5,0.01,0.3,7.071067812,TRUE
1115,1,0.1,0.6,37500,93750,2.5,0.005,0.1,17.32050808,TRUE
1116,1,0.1,0.6,37500,93750,2.5,0.005,0.3,10,TRUE
1117,1,0.1,0.6,37500,262500,7,0.25,0.1,4.098780306,TRUE
1118,1,0.1,0.6,37500,262500,7,0.25,0.3,2.366431913,TRUE
1119,1,0.1,0.6,37500,262500,7,0.01,0.1,20.49390153,TRUE
1120,1,0.1,0.6,37500,262500,7,0.01,0.3,11.83215957,TRUE
1121,1,0.1,0.6,37500,262500,7,0.005,0.1,28.98275349,TRUE
1122,1,0.1,0.6,37500,262500,7,0.005,0.3,16.73320053,TRUE
1123,1,0.1,0.6,37500,375000,10,0.25,0.1,4.898979486,TRUE
1124,1,0.1,0.6,37500,375000,10,0.25,0.3,2.828427125,TRUE
1125,1,0.1,0.6,37500,375000,10,0.01,0.1,24.49489743,TRUE
1126,1,0.1,0.6,37500,375000,10,0.01,0.3,14.14213562,TRUE
1127,1,0.1,0.6,37500,375000,10,0.005,0.1,34.64101615,TRUE
1128,1,0.1,0.6,37500,375000,10,0.005,0.3,20,TRUE
1129,1,0.1,0.6,19820,19820,1,0.25,0.1,1.549193338,TRUE
1130,1,0.1,0.6,19820,19820,1,0.25,0.3,0.894427191,FALSE
1131,1,0.1,0.6,19820,19820,1,0.01,0.1,7.745966692,TRUE
1132,1,0.1,0.6,19820,19820,1,0.01,0.3,4.472135955,TRUE
1133,1,0.1,0.6,19820,19820,1,0.005,0.1,10.95445115,TRUE
1134,1,0.1,0.6,19820,19820,1,0.005,0.3,6.32455532,TRUE
1135,1,0.1,0.6,19820,49550,2.5,0.25,0.1,2.449489743,TRUE
1136,1,0.1,0.6,19820,49550,2.5,0.25,0.3,1.414213562,TRUE
1137,1,0.1,0.6,19820,49550,2.5,0.01,0.1,12.24744871,TRUE
1138,1,0.1,0.6,19820,49550,2.5,0.01,0.3,7.071067812,TRUE
1139,1,0.1,0.6,19820,49550,2.5,0.005,0.1,17.32050808,TRUE
1140,1,0.1,0.6,19820,49550,2.5,0.005,0.3,10,TRUE
1141,1,0.1,0.6,19820,138740,7,0.25,0.1,4.098780306,TRUE
1142,1,0.1,0.6,19820,138740,7,0.25,0.3,2.366431913,TRUE
1143,1,0.1,0.6,19820,138740,7,0.01,0.1,20.49390153,TRUE
1144,1,0.1,0.6,19820,138740,7,0.01,0.3,11.83215957,TRUE
1145,1,0.1,0.6,19820,138740,7,0.005,0.1,28.98275349,TRUE
1146,1,0.1,0.6,19820,138740,7,0.005,0.3,16.73320053,TRUE
1147,1,0.1,0.6,19820,198200,10,0.25,0.1,4.898979486,TRUE
1148,1,0.1,0.6,19820,198200,10,0.25,0.3,2.828427125,TRUE
1149,1,0.1,0.6,19820,198200,10,0.01,0.1,24.49489743,TRUE
1150,1,0.1,0.6,19820,198200,10,0.01,0.3,14.14213562,TRUE
1151,1,0.1,0.6,19820,198200,10,0.005,0.1,34.64101615,TRUE
1152,1,0.1,0.6,19820,198200,10,0.005,0.3,20,TRUE
1153,1,0.4,0.08,100,100,1,0.25,0.1,1.13137085,TRUE
1154,1,0.4,0.08,100,100,1,0.25,0.3,0.653197265,FALSE
1155,1,0.4,0.08,100,100,1,0.01,0.1,5.656854249,TRUE
1156,1,0.4,0.08,100,100,1,0.01,0.3,3.265986324,TRUE
1157,1,0.4,0.08,100,100,1,0.005,0.1,8,TRUE
1158,1,0.4,0.08,100,100,1,0.005,0.3,4.618802154,TRUE
1159,1,0.4,0.08,100,250,2.5,0.25,0.1,1.788854382,TRUE
1160,1,0.4,0.08,100,250,2.5,0.25,0.3,1.032795559,TRUE
1161,1,0.4,0.08,100,250,2.5,0.01,0.1,8.94427191,TRUE
1162,1,0.4,0.08,100,250,2.5,0.01,0.3,5.163977795,TRUE
1163,1,0.4,0.08,100,250,2.5,0.005,0.1,12.64911064,TRUE
1164,1,0.4,0.08,100,250,2.5,0.005,0.3,7.302967433,TRUE
1165,1,0.4,0.08,100,700,7,0.25,0.1,2.993325909,TRUE
1166,1,0.4,0.08,100,700,7,0.25,0.3,1.72819752,TRUE
1167,1,0.4,0.08,100,700,7,0.01,0.1,14.96662955,TRUE
1168,1,0.4,0.08,100,700,7,0.01,0.3,8.640987598,TRUE
1169,1,0.4,0.08,100,700,7,0.005,0.1,21.16601049,TRUE
1170,1,0.4,0.08,100,700,7,0.005,0.3,12.22020185,TRUE
1171,1,0.4,0.08,100,1000,10,0.25,0.1,3.577708764,TRUE
1172,1,0.4,0.08,100,1000,10,0.25,0.3,2.065591118,TRUE
1173,1,0.4,0.08,100,1000,10,0.01,0.1,17.88854382,TRUE
1174,1,0.4,0.08,100,1000,10,0.01,0.3,10.32795559,TRUE
1175,1,0.4,0.08,100,1000,10,0.005,0.1,25.29822128,TRUE
1176,1,0.4,0.08,100,1000,10,0.005,0.3,14.60593487,TRUE
1177,1,0.4,0.08,780,780,1,0.25,0.1,1.13137085,TRUE
1178,1,0.4,0.08,780,780,1,0.25,0.3,0.653197265,FALSE
1179,1,0.4,0.08,780,780,1,0.01,0.1,5.656854249,TRUE
1180,1,0.4,0.08,780,780,1,0.01,0.3,3.265986324,TRUE
1181,1,0.4,0.08,780,780,1,0.005,0.1,8,TRUE
1182,1,0.4,0.08,780,780,1,0.005,0.3,4.618802154,TRUE
1183,1,0.4,0.08,780,1950,2.5,0.25,0.1,1.788854382,TRUE
1184,1,0.4,0.08,780,1950,2.5,0.25,0.3,1.032795559,TRUE
1185,1,0.4,0.08,780,1950,2.5,0.01,0.1,8.94427191,TRUE
1186,1,0.4,0.08,780,1950,2.5,0.01,0.3,5.163977795,TRUE
1187,1,0.4,0.08,780,1950,2.5,0.005,0.1,12.64911064,TRUE
1188,1,0.4,0.08,780,1950,2.5,0.005,0.3,7.302967433,TRUE
1189,1,0.4,0.08,780,5460,7,0.25,0.1,2.993325909,TRUE
1190,1,0.4,0.08,780,5460,7,0.25,0.3,1.72819752,TRUE
1191,1,0.4,0.08,780,5460,7,0.01,0.1,14.96662955,TRUE
1192,1,0.4,0.08,780,5460,7,0.01,0.3,8.640987598,TRUE
1193,1,0.4,0.08,780,5460,7,0.005,0.1,21.16601049,TRUE
1194,1,0.4,0.08,780,5460,7,0.005,0.3,12.22020185,TRUE
1195,1,0.4,0.08,780,7800,10,0.25,0.1,3.577708764,TRUE
1196,1,0.4,0.08,780,7800,10,0.25,0.3,2.065591118,TRUE
1197,1,0.4,0.08,780,7800,10,0.01,0.1,17.88854382,TRUE
1198,1,0.4,0.08,780,7800,10,0.01,0.3,10.32795559,TRUE
1199,1,0.4,0.08,780,7800,10,0.005,0.1,25.29822128,TRUE
1200,1,0.4,0.08,780,7800,10,0.005,0.3,14.60593487,TRUE
1201,1,0.4,0.08,37500,37500,1,0.25,0.1,1.13137085,TRUE
1202,1,0.4,0.08,37500,37500,1,0.25,0.3,0.653197265,FALSE
1203,1,0.4,0.08,37500,37500,1,0.01,0.1,5.656854249,TRUE
1204,1,0.4,0.08,37500,37500,1,0.01,0.3,3.265986324,TRUE
1205,1,0.4,0.08,37500,37500,1,0.005,0.1,8,TRUE
1206,1,0.4,0.08,37500,37500,1,0.005,0.3,4.618802154,TRUE
1207,1,0.4,0.08,37500,93750,2.5,0.25,0.1,1.788854382,TRUE
1208,1,0.4,0.08,37500,93750,2.5,0.25,0.3,1.032795559,TRUE
1209,1,0.4,0.08,37500,93750,2.5,0.01,0.1,8.94427191,TRUE
1210,1,0.4,0.08,37500,93750,2.5,0.01,0.3,5.163977795,TRUE
1211,1,0.4,0.08,37500,93750,2.5,0.005,0.1,12.64911064,TRUE
1212,1,0.4,0.08,37500,93750,2.5,0.005,0.3,7.302967433,TRUE
1213,1,0.4,0.08,37500,262500,7,0.25,0.1,2.993325909,TRUE
1214,1,0.4,0.08,37500,262500,7,0.25,0.3,1.72819752,TRUE
1215,1,0.4,0.08,37500,262500,7,0.01,0.1,14.96662955,TRUE
1216,1,0.4,0.08,37500,262500,7,0.01,0.3,8.640987598,TRUE
1217,1,0.4,0.08,37500,262500,7,0.005,0.1,21.16601049,TRUE
1218,1,0.4,0.08,37500,262500,7,0.005,0.3,12.22020185,TRUE
1219,1,0.4,0.08,37500,375000,10,0.25,0.1,3.577708764,TRUE
1220,1,0.4,0.08,37500,375000,10,0.25,0.3,2.065591118,TRUE
1221,1,0.4,0.08,37500,375000,10,0.01,0.1,17.88854382,TRUE
1222,1,0.4,0.08,37500,375000,10,0.01,0.3,10.32795559,TRUE
1223,1,0.4,0.08,37500,375000,10,0.005,0.1,25.29822128,TRUE
1224,1,0.4,0.08,37500,375000,10,0.005,0.3,14.60593487,TRUE
1225,1,0.4,0.08,19820,19820,1,0.25,0.1,1.13137085,TRUE
1226,1,0.4,0.08,19820,19820,1,0.25,0.3,0.653197265,FALSE
1227,1,0.4,0.08,19820,19820,1,0.01,0.1,5.656854249,TRUE
1228,1,0.4,0.08,19820,19820,1,0.01,0.3,3.265986324,TRUE
1229,1,0.4,0.08,19820,19820,1,0.005,0.1,8,TRUE
1230,1,0.4,0.08,19820,19820,1,0.005,0.3,4.618802154,TRUE
1231,1,0.4,0.08,19820,49550,2.5,0.25,0.1,1.788854382,TRUE
1232,1,0.4,0.08,19820,49550,2.5,0.25,0.3,1.032795559,TRUE
1233,1,0.4,0.08,19820,49550,2.5,0.01,0.1,8.94427191,TRUE
1234,1,0.4,0.08,19820,49550,2.5,0.01,0.3,5.163977795,TRUE
1235,1,0.4,0.08,19820,49550,2.5,0.005,0.1,12.64911064,TRUE
1236,1,0.4,0.08,19820,49550,2.5,0.005,0.3,7.302967433,TRUE
1237,1,0.4,0.08,19820,138740,7,0.25,0.1,2.993325909,TRUE
1238,1,0.4,0.08,19820,138740,7,0.25,0.3,1.72819752,TRUE
1239,1,0.4,0.08,19820,138740,7,0.01,0.1,14.96662955,TRUE
1240,1,0.4,0.08,19820,138740,7,0.01,0.3,8.640987598,TRUE
1241,1,0.4,0.08,19820,138740,7,0.005,0.1,21.16601049,TRUE
1242,1,0.4,0.08,19820,138740,7,0.005,0.3,12.22020185,TRUE
1243,1,0.4,0.08,19820,198200,10,0.25,0.1,3.577708764,TRUE
1244,1,0.4,0.08,19820,198200,10,0.25,0.3,2.065591118,TRUE
1245,1,0.4,0.08,19820,198200,10,0.01,0.1,17.88854382,TRUE
1246,1,0.4,0.08,19820,198200,10,0.01,0.3,10.32795559,TRUE
1247,1,0.4,0.08,19820,198200,10,0.005,0.1,25.29822128,TRUE
1248,1,0.4,0.08,19820,198200,10,0.005,0.3,14.60593487,TRUE
1249,1,0.4,0.27,100,100,1,0.25,0.1,2.078460969,TRUE
1250,1,0.4,0.27,100,100,1,0.25,0.3,1.2,TRUE
1251,1,0.4,0.27,100,100,1,0.01,0.1,10.39230485,TRUE
1252,1,0.4,0.27,100,100,1,0.01,0.3,6,TRUE
1253,1,0.4,0.27,100,100,1,0.005,0.1,14.69693846,TRUE
1254,1,0.4,0.27,100,100,1,0.005,0.3,8.485281374,TRUE
1255,1,0.4,0.27,100,250,2.5,0.25,0.1,3.286335345,TRUE
1256,1,0.4,0.27,100,250,2.5,0.25,0.3,1.897366596,TRUE
1257,1,0.4,0.27,100,250,2.5,0.01,0.1,16.43167673,TRUE
1258,1,0.4,0.27,100,250,2.5,0.01,0.3,9.486832981,TRUE
1259,1,0.4,0.27,100,250,2.5,0.005,0.1,23.23790008,TRUE
1260,1,0.4,0.27,100,250,2.5,0.005,0.3,13.41640786,TRUE
1261,1,0.4,0.27,100,700,7,0.25,0.1,5.499090834,TRUE
1262,1,0.4,0.27,100,700,7,0.25,0.3,3.174901573,TRUE
1263,1,0.4,0.27,100,700,7,0.01,0.1,27.49545417,TRUE
1264,1,0.4,0.27,100,700,7,0.01,0.3,15.87450787,TRUE
1265,1,0.4,0.27,100,700,7,0.005,0.1,38.88444419,TRUE
1266,1,0.4,0.27,100,700,7,0.005,0.3,22.44994432,TRUE
1267,1,0.4,0.27,100,1000,10,0.25,0.1,6.57267069,TRUE
1268,1,0.4,0.27,100,1000,10,0.25,0.3,3.794733192,TRUE
1269,1,0.4,0.27,100,1000,10,0.01,0.1,32.86335345,TRUE
1270,1,0.4,0.27,100,1000,10,0.01,0.3,18.97366596,TRUE
1271,1,0.4,0.27,100,1000,10,0.005,0.1,46.47580015,TRUE
1272,1,0.4,0.27,100,1000,10,0.005,0.3,26.83281573,TRUE
1273,1,0.4,0.27,780,780,1,0.25,0.1,2.078460969,TRUE
1274,1,0.4,0.27,780,780,1,0.25,0.3,1.2,TRUE
1275,1,0.4,0.27,780,780,1,0.01,0.1,10.39230485,TRUE
1276,1,0.4,0.27,780,780,1,0.01,0.3,6,TRUE
1277,1,0.4,0.27,780,780,1,0.005,0.1,14.69693846,TRUE
1278,1,0.4,0.27,780,780,1,0.005,0.3,8.485281374,TRUE
1279,1,0.4,0.27,780,1950,2.5,0.25,0.1,3.286335345,TRUE
1280,1,0.4,0.27,780,1950,2.5,0.25,0.3,1.897366596,TRUE
1281,1,0.4,0.27,780,1950,2.5,0.01,0.1,16.43167673,TRUE
1282,1,0.4,0.27,780,1950,2.5,0.01,0.3,9.486832981,TRUE
1283,1,0.4,0.27,780,1950,2.5,0.005,0.1,23.23790008,TRUE
1284,1,0.4,0.27,780,1950,2.5,0.005,0.3,13.41640786,TRUE
1285,1,0.4,0.27,780,5460,7,0.25,0.1,5.499090834,TRUE
1286,1,0.4,0.27,780,5460,7,0.25,0.3,3.174901573,TRUE
1287,1,0.4,0.27,780,5460,7,0.01,0.1,27.49545417,TRUE
1288,1,0.4,0.27,780,5460,7,0.01,0.3,15.87450787,TRUE
1289,1,0.4,0.27,780,5460,7,0.005,0.1,38.88444419,TRUE
1290,1,0.4,0.27,780,5460,7,0.005,0.3,22.44994432,TRUE
1291,1,0.4,0.27,780,7800,10,0.25,0.1,6.57267069,TRUE
1292,1,0.4,0.27,780,7800,10,0.25,0.3,3.794733192,TRUE
1293,1,0.4,0.27,780,7800,10,0.01,0.1,32.86335345,TRUE
1294,1,0.4,0.27,780,7800,10,0.01,0.3,18.97366596,TRUE
1295,1,0.4,0.27,780,7800,10,0.005,0.1,46.47580015,TRUE
1296,1,0.4,0.27,780,7800,10,0.005,0.3,26.83281573,TRUE
1297,1,0.4,0.27,37500,37500,1,0.25,0.1,2.078460969,TRUE
1298,1,0.4,0.27,37500,37500,1,0.25,0.3,1.2,TRUE
1299,1,0.4,0.27,37500,37500,1,0.01,0.1,10.39230485,TRUE
1300,1,0.4,0.27,37500,37500,1,0.01,0.3,6,TRUE
1301,1,0.4,0.27,37500,37500,1,0.005,0.1,14.69693846,TRUE
1302,1,0.4,0.27,37500,37500,1,0.005,0.3,8.485281374,TRUE
1303,1,0.4,0.27,37500,93750,2.5,0.25,0.1,3.286335345,TRUE
1304,1,0.4,0.27,37500,93750,2.5,0.25,0.3,1.897366596,TRUE
1305,1,0.4,0.27,37500,93750,2.5,0.01,0.1,16.43167673,TRUE
1306,1,0.4,0.27,37500,93750,2.5,0.01,0.3,9.486832981,TRUE
1307,1,0.4,0.27,37500,93750,2.5,0.005,0.1,23.23790008,TRUE
1308,1,0.4,0.27,37500,93750,2.5,0.005,0.3,13.41640786,TRUE
1309,1,0.4,0.27,37500,262500,7,0.25,0.1,5.499090834,TRUE
1310,1,0.4,0.27,37500,262500,7,0.25,0.3,3.174901573,TRUE
1311,1,0.4,0.27,37500,262500,7,0.01,0.1,27.49545417,TRUE
1312,1,0.4,0.27,37500,262500,7,0.01,0.3,15.87450787,TRUE
1313,1,0.4,0.27,37500,262500,7,0.005,0.1,38.88444419,TRUE
1314,1,0.4,0.27,37500,262500,7,0.005,0.3,22.44994432,TRUE
1315,1,0.4,0.27,37500,375000,10,0.25,0.1,6.57267069,TRUE
1316,1,0.4,0.27,37500,375000,10,0.25,0.3,3.794733192,TRUE
1317,1,0.4,0.27,37500,375000,10,0.01,0.1,32.86335345,TRUE
1318,1,0.4,0.27,37500,375000,10,0.01,0.3,18.97366596,TRUE
1319,1,0.4,0.27,37500,375000,10,0.005,0.1,46.47580015,TRUE
1320,1,0.4,0.27,37500,375000,10,0.005,0.3,26.83281573,TRUE
1321,1,0.4,0.27,19820,19820,1,0.25,0.1,2.078460969,TRUE
1322,1,0.4,0.27,19820,19820,1,0.25,0.3,1.2,TRUE
1323,1,0.4,0.27,19820,19820,1,0.01,0.1,10.39230485,TRUE
1324,1,0.4,0.27,19820,19820,1,0.01,0.3,6,TRUE
1325,1,0.4,0.27,19820,19820,1,0.005,0.1,14.69693846,TRUE
1326,1,0.4,0.27,19820,19820,1,0.005,0.3,8.485281374,TRUE
1327,1,0.4,0.27,19820,49550,2.5,0.25,0.1,3.286335345,TRUE
1328,1,0.4,0.27,19820,49550,2.5,0.25,0.3,1.897366596,TRUE
1329,1,0.4,0.27,19820,49550,2.5,0.01,0.1,16.43167673,TRUE
1330,1,0.4,0.27,19820,49550,2.5,0.01,0.3,9.486832981,TRUE
1331,1,0.4,0.27,19820,49550,2.5,0.005,0.1,23.23790008,TRUE
1332,1,0.4,0.27,19820,49550,2.5,0.005,0.3,13.41640786,TRUE
1333,1,0.4,0.27,19820,138740,7,0.25,0.1,5.499090834,TRUE
1334,1,0.4,0.27,19820,138740,7,0.25,0.3,3.174901573,TRUE
1335,1,0.4,0.27,19820,138740,7,0.01,0.1,27.49545417,TRUE
1336,1,0.4,0.27,19820,138740,7,0.01,0.3,15.87450787,TRUE
1337,1,0.4,0.27,19820,138740,7,0.005,0.1,38.88444419,TRUE
1338,1,0.4,0.27,19820,138740,7,0.005,0.3,22.44994432,TRUE
1339,1,0.4,0.27,19820,198200,10,0.25,0.1,6.57267069,TRUE
1340,1,0.4,0.27,19820,198200,10,0.25,0.3,3.794733192,TRUE
1341,1,0.4,0.27,19820,198200,10,0.01,0.1,32.86335345,TRUE
1342,1,0.4,0.27,19820,198200,10,0.01,0.3,18.97366596,TRUE
1343,1,0.4,0.27,19820,198200,10,0.005,0.1,46.47580015,TRUE
1344,1,0.4,0.27,19820,198200,10,0.005,0.3,26.83281573,TRUE
1345,1,0.4,0.6,100,100,1,0.25,0.1,3.098386677,TRUE
1346,1,0.4,0.6,100,100,1,0.25,0.3,1.788854382,TRUE
1347,1,0.4,0.6,100,100,1,0.01,0.1,15.49193338,TRUE
1348,1,0.4,0.6,100,100,1,0.01,0.3,8.94427191,TRUE
1349,1,0.4,0.6,100,100,1,0.005,0.1,21.9089023,TRUE
1350,1,0.4,0.6,100,100,1,0.005,0.3,12.64911064,TRUE
1351,1,0.4,0.6,100,250,2.5,0.25,0.1,4.898979486,TRUE
1352,1,0.4,0.6,100,250,2.5,0.25,0.3,2.828427125,TRUE
1353,1,0.4,0.6,100,250,2.5,0.01,0.1,24.49489743,TRUE
1354,1,0.4,0.6,100,250,2.5,0.01,0.3,14.14213562,TRUE
1355,1,0.4,0.6,100,250,2.5,0.005,0.1,34.64101615,TRUE
1356,1,0.4,0.6,100,250,2.5,0.005,0.3,20,TRUE
1357,1,0.4,0.6,100,700,7,0.25,0.1,8.197560613,TRUE
1358,1,0.4,0.6,100,700,7,0.25,0.3,4.732863826,TRUE
1359,1,0.4,0.6,100,700,7,0.01,0.1,40.98780306,TRUE
1360,1,0.4,0.6,100,700,7,0.01,0.3,23.66431913,TRUE
1361,1,0.4,0.6,100,700,7,0.005,0.1,57.96550698,TRUE
1362,1,0.4,0.6,100,700,7,0.005,0.3,33.46640106,TRUE
1363,1,0.4,0.6,100,1000,10,0.25,0.1,9.797958971,TRUE
1364,1,0.4,0.6,100,1000,10,0.25,0.3,5.656854249,TRUE
1365,1,0.4,0.6,100,1000,10,0.01,0.1,48.98979486,TRUE
1366,1,0.4,0.6,100,1000,10,0.01,0.3,28.28427125,TRUE
1367,1,0.4,0.6,100,1000,10,0.005,0.1,69.2820323,TRUE
1368,1,0.4,0.6,100,1000,10,0.005,0.3,40,TRUE
1369,1,0.4,0.6,780,780,1,0.25,0.1,3.098386677,TRUE
1370,1,0.4,0.6,780,780,1,0.25,0.3,1.788854382,TRUE
1371,1,0.4,0.6,780,780,1,0.01,0.1,15.49193338,TRUE
1372,1,0.4,0.6,780,780,1,0.01,0.3,8.94427191,TRUE
1373,1,0.4,0.6,780,780,1,0.005,0.1,21.9089023,TRUE
1374,1,0.4,0.6,780,780,1,0.005,0.3,12.64911064,TRUE
1375,1,0.4,0.6,780,1950,2.5,0.25,0.1,4.898979486,TRUE
1376,1,0.4,0.6,780,1950,2.5,0.25,0.3,2.828427125,TRUE
1377,1,0.4,0.6,780,1950,2.5,0.01,0.1,24.49489743,TRUE
1378,1,0.4,0.6,780,1950,2.5,0.01,0.3,14.14213562,TRUE
1379,1,0.4,0.6,780,1950,2.5,0.005,0.1,34.64101615,TRUE
1380,1,0.4,0.6,780,1950,2.5,0.005,0.3,20,TRUE
1381,1,0.4,0.6,780,5460,7,0.25,0.1,8.197560613,TRUE
1382,1,0.4,0.6,780,5460,7,0.25,0.3,4.732863826,TRUE
1383,1,0.4,0.6,780,5460,7,0.01,0.1,40.98780306,TRUE
1384,1,0.4,0.6,780,5460,7,0.01,0.3,23.66431913,TRUE
1385,1,0.4,0.6,780,5460,7,0.005,0.1,57.96550698,TRUE
1386,1,0.4,0.6,780,5460,7,0.005,0.3,33.46640106,TRUE
1387,1,0.4,0.6,780,7800,10,0.25,0.1,9.797958971,TRUE
1388,1,0.4,0.6,780,7800,10,0.25,0.3,5.656854249,TRUE
1389,1,0.4,0.6,780,7800,10,0.01,0.1,48.98979486,TRUE
1390,1,0.4,0.6,780,7800,10,0.01,0.3,28.28427125,TRUE
1391,1,0.4,0.6,780,7800,10,0.005,0.1,69.2820323,TRUE
1392,1,0.4,0.6,780,7800,10,0.005,0.3,40,TRUE
1393,1,0.4,0.6,37500,37500,1,0.25,0.1,3.098386677,TRUE
1394,1,0.4,0.6,37500,37500,1,0.25,0.3,1.788854382,TRUE
1395,1,0.4,0.6,37500,37500,1,0.01,0.1,15.49193338,TRUE
1396,1,0.4,0.6,37500,37500,1,0.01,0.3,8.94427191,TRUE
1397,1,0.4,0.6,37500,37500,1,0.005,0.1,21.9089023,TRUE
1398,1,0.4,0.6,37500,37500,1,0.005,0.3,12.64911064,TRUE
1399,1,0.4,0.6,37500,93750,2.5,0.25,0.1,4.898979486,TRUE
1400,1,0.4,0.6,37500,93750,2.5,0.25,0.3,2.828427125,TRUE
1401,1,0.4,0.6,37500,93750,2.5,0.01,0.1,24.49489743,TRUE
1402,1,0.4,0.6,37500,93750,2.5,0.01,0.3,14.14213562,TRUE
1403,1,0.4,0.6,37500,93750,2.5,0.005,0.1,34.64101615,TRUE
1404,1,0.4,0.6,37500,93750,2.5,0.005,0.3,20,TRUE
1405,1,0.4,0.6,37500,262500,7,0.25,0.1,8.197560613,TRUE
1406,1,0.4,0.6,37500,262500,7,0.25,0.3,4.732863826,TRUE
1407,1,0.4,0.6,37500,262500,7,0.01,0.1,40.98780306,TRUE
1408,1,0.4,0.6,37500,262500,7,0.01,0.3,23.66431913,TRUE
1409,1,0.4,0.6,37500,262500,7,0.005,0.1,57.96550698,TRUE
1410,1,0.4,0.6,37500,262500,7,0.005,0.3,33.46640106,TRUE
1411,1,0.4,0.6,37500,375000,10,0.25,0.1,9.797958971,TRUE
1412,1,0.4,0.6,37500,375000,10,0.25,0.3,5.656854249,TRUE
1413,1,0.4,0.6,37500,375000,10,0.01,0.1,48.98979486,TRUE
1414,1,0.4,0.6,37500,375000,10,0.01,0.3,28.28427125,TRUE
1415,1,0.4,0.6,37500,375000,10,0.005,0.1,69.2820323,TRUE
1416,1,0.4,0.6,37500,375000,10,0.005,0.3,40,TRUE
1417,1,0.4,0.6,19820,19820,1,0.25,0.1,3.098386677,TRUE
1418,1,0.4,0.6,19820,19820,1,0.25,0.3,1.788854382,TRUE
1419,1,0.4,0.6,19820,19820,1,0.01,0.1,15.49193338,TRUE
1420,1,0.4,0.6,19820,19820,1,0.01,0.3,8.94427191,TRUE
1421,1,0.4,0.6,19820,19820,1,0.005,0.1,21.9089023,TRUE
1422,1,0.4,0.6,19820,19820,1,0.005,0.3,12.64911064,TRUE
1423,1,0.4,0.6,19820,49550,2.5,0.25,0.1,4.898979486,TRUE
1424,1,0.4,0.6,19820,49550,2.5,0.25,0.3,2.828427125,TRUE
1425,1,0.4,0.6,19820,49550,2.5,0.01,0.1,24.49489743,TRUE
1426,1,0.4,0.6,19820,49550,2.5,0.01,0.3,14.14213562,TRUE
1427,1,0.4,0.6,19820,49550,2.5,0.005,0.1,34.64101615,TRUE
1428,1,0.4,0.6,19820,49550,2.5,0.005,0.3,20,TRUE
1429,1,0.4,0.6,19820,138740,7,0.25,0.1,8.197560613,TRUE
1430,1,0.4,0.6,19820,138740,7,0.25,0.3,4.732863826,TRUE
1431,1,0.4,0.6,19820,138740,7,0.01,0.1,40.98780306,TRUE
1432,1,0.4,0.6,19820,138740,7,0.01,0.3,23.66431913,TRUE
1433,1,0.4,0.6,19820,138740,7,0.005,0.1,57.96550698,TRUE
1434,1,0.4,0.6,19820,138740,7,0.005,0.3,33.46640106,TRUE
1435,1,0.4,0.6,19820,198200,10,0.25,0.1,9.797958971,TRUE
1436,1,0.4,0.6,19820,198200,10,0.25,0.3,5.656854249,TRUE
1437,1,0.4,0.6,19820,198200,10,0.01,0.1,48.98979486,TRUE
1438,1,0.4,0.6,19820,198200,10,0.01,0.3,28.28427125,TRUE
1439,1,0.4,0.6,19820,198200,10,0.005,0.1,69.2820323,TRUE
1440,1,0.4,0.6,19820,198200,10,0.005,0.3,40,TRUE
1441,1,0.75,0.08,100,100,1,0.25,0.1,1.549193338,TRUE
1442,1,0.75,0.08,100,100,1,0.25,0.3,0.894427191,FALSE
1443,1,0.75,0.08,100,100,1,0.01,0.1,7.745966692,TRUE
1444,1,0.75,0.08,100,100,1,0.01,0.3,4.472135955,TRUE
1445,1,0.75,0.08,100,100,1,0.005,0.1,10.95445115,TRUE
1446,1,0.75,0.08,100,100,1,0.005,0.3,6.32455532,TRUE
1447,1,0.75,0.08,100,250,2.5,0.25,0.1,2.449489743,TRUE
1448,1,0.75,0.08,100,250,2.5,0.25,0.3,1.414213562,TRUE
1449,1,0.75,0.08,100,250,2.5,0.01,0.1,12.24744871,TRUE
1450,1,0.75,0.08,100,250,2.5,0.01,0.3,7.071067812,TRUE
1451,1,0.75,0.08,100,250,2.5,0.005,0.1,17.32050808,TRUE
1452,1,0.75,0.08,100,250,2.5,0.005,0.3,10,TRUE
1453,1,0.75,0.08,100,700,7,0.25,0.1,4.098780306,TRUE
1454,1,0.75,0.08,100,700,7,0.25,0.3,2.366431913,TRUE
1455,1,0.75,0.08,100,700,7,0.01,0.1,20.49390153,TRUE
1456,1,0.75,0.08,100,700,7,0.01,0.3,11.83215957,TRUE
1457,1,0.75,0.08,100,700,7,0.005,0.1,28.98275349,TRUE
1458,1,0.75,0.08,100,700,7,0.005,0.3,16.73320053,TRUE
1459,1,0.75,0.08,100,1000,10,0.25,0.1,4.898979486,TRUE
1460,1,0.75,0.08,100,1000,10,0.25,0.3,2.828427125,TRUE
1461,1,0.75,0.08,100,1000,10,0.01,0.1,24.49489743,TRUE
1462,1,0.75,0.08,100,1000,10,0.01,0.3,14.14213562,TRUE
1463,1,0.75,0.08,100,1000,10,0.005,0.1,34.64101615,TRUE
1464,1,0.75,0.08,100,1000,10,0.005,0.3,20,TRUE
1465,1,0.75,0.08,780,780,1,0.25,0.1,1.549193338,TRUE
1466,1,0.75,0.08,780,780,1,0.25,0.3,0.894427191,FALSE
1467,1,0.75,0.08,780,780,1,0.01,0.1,7.745966692,TRUE
1468,1,0.75,0.08,780,780,1,0.01,0.3,4.472135955,TRUE
1469,1,0.75,0.08,780,780,1,0.005,0.1,10.95445115,TRUE
1470,1,0.75,0.08,780,780,1,0.005,0.3,6.32455532,TRUE
1471,1,0.75,0.08,780,1950,2.5,0.25,0.1,2.449489743,TRUE
1472,1,0.75,0.08,780,1950,2.5,0.25,0.3,1.414213562,TRUE
1473,1,0.75,0.08,780,1950,2.5,0.01,0.1,12.24744871,TRUE
1474,1,0.75,0.08,780,1950,2.5,0.01,0.3,7.071067812,TRUE
1475,1,0.75,0.08,780,1950,2.5,0.005,0.1,17.32050808,TRUE
1476,1,0.75,0.08,780,1950,2.5,0.005,0.3,10,TRUE
1477,1,0.75,0.08,780,5460,7,0.25,0.1,4.098780306,TRUE
1478,1,0.75,0.08,780,5460,7,0.25,0.3,2.366431913,TRUE
1479,1,0.75,0.08,780,5460,7,0.01,0.1,20.49390153,TRUE
1480,1,0.75,0.08,780,5460,7,0.01,0.3,11.83215957,TRUE
1481,1,0.75,0.08,780,5460,7,0.005,0.1,28.98275349,TRUE
1482,1,0.75,0.08,780,5460,7,0.005,0.3,16.73320053,TRUE
1483,1,0.75,0.08,780,7800,10,0.25,0.1,4.898979486,TRUE
1484,1,0.75,0.08,780,7800,10,0.25,0.3,2.828427125,TRUE
1485,1,0.75,0.08,780,7800,10,0.01,0.1,24.49489743,TRUE
1486,1,0.75,0.08,780,7800,10,0.01,0.3,14.14213562,TRUE
1487,1,0.75,0.08,780,7800,10,0.005,0.1,34.64101615,TRUE
1488,1,0.75,0.08,780,7800,10,0.005,0.3,20,TRUE
1489,1,0.75,0.08,37500,37500,1,0.25,0.1,1.549193338,TRUE
1490,1,0.75,0.08,37500,37500,1,0.25,0.3,0.894427191,FALSE
1491,1,0.75,0.08,37500,37500,1,0.01,0.1,7.745966692,TRUE
1492,1,0.75,0.08,37500,37500,1,0.01,0.3,4.472135955,TRUE
1493,1,0.75,0.08,37500,37500,1,0.005,0.1,10.95445115,TRUE
1494,1,0.75,0.08,37500,37500,1,0.005,0.3,6.32455532,TRUE
1495,1,0.75,0.08,37500,93750,2.5,0.25,0.1,2.449489743,TRUE
1496,1,0.75,0.08,37500,93750,2.5,0.25,0.3,1.414213562,TRUE
1497,1,0.75,0.08,37500,93750,2.5,0.01,0.1,12.24744871,TRUE
1498,1,0.75,0.08,37500,93750,2.5,0.01,0.3,7.071067812,TRUE
1499,1,0.75,0.08,37500,93750,2.5,0.005,0.1,17.32050808,TRUE
1500,1,0.75,0.08,37500,93750,2.5,0.005,0.3,10,TRUE
1501,1,0.75,0.08,37500,262500,7,0.25,0.1,4.098780306,TRUE
1502,1,0.75,0.08,37500,262500,7,0.25,0.3,2.366431913,TRUE
1503,1,0.75,0.08,37500,262500,7,0.01,0.1,20.49390153,TRUE
1504,1,0.75,0.08,37500,262500,7,0.01,0.3,11.83215957,TRUE
1505,1,0.75,0.08,37500,262500,7,0.005,0.1,28.98275349,TRUE
1506,1,0.75,0.08,37500,262500,7,0.005,0.3,16.73320053,TRUE
1507,1,0.75,0.08,37500,375000,10,0.25,0.1,4.898979486,TRUE
1508,1,0.75,0.08,37500,375000,10,0.25,0.3,2.828427125,TRUE
1509,1,0.75,0.08,37500,375000,10,0.01,0.1,24.49489743,TRUE
1510,1,0.75,0.08,37500,375000,10,0.01,0.3,14.14213562,TRUE
1511,1,0.75,0.08,37500,375000,10,0.005,0.1,34.64101615,TRUE
1512,1,0.75,0.08,37500,375000,10,0.005,0.3,20,TRUE
1513,1,0.75,0.08,19820,19820,1,0.25,0.1,1.549193338,TRUE
1514,1,0.75,0.08,19820,19820,1,0.25,0.3,0.894427191,FALSE
1515,1,0.75,0.08,19820,19820,1,0.01,0.1,7.745966692,TRUE
1516,1,0.75,0.08,19820,19820,1,0.01,0.3,4.472135955,TRUE
1517,1,0.75,0.08,19820,19820,1,0.005,0.1,10.95445115,TRUE
1518,1,0.75,0.08,19820,19820,1,0.005,0.3,6.32455532,TRUE
1519,1,0.75,0.08,19820,49550,2.5,0.25,0.1,2.449489743,TRUE
1520,1,0.75,0.08,19820,49550,2.5,0.25,0.3,1.414213562,TRUE
1521,1,0.75,0.08,19820,49550,2.5,0.01,0.1,12.24744871,TRUE
1522,1,0.75,0.08,19820,49550,2.5,0.01,0.3,7.071067812,TRUE
1523,1,0.75,0.08,19820,49550,2.5,0.005,0.1,17.32050808,TRUE
1524,1,0.75,0.08,19820,49550,2.5,0.005,0.3,10,TRUE
1525,1,0.75,0.08,19820,138740,7,0.25,0.1,4.098780306,TRUE
1526,1,0.75,0.08,19820,138740,7,0.25,0.3,2.366431913,TRUE
1527,1,0.75,0.08,19820,138740,7,0.01,0.1,20.49390153,TRUE
1528,1,0.75,0.08,19820,138740,7,0.01,0.3,11.83215957,TRUE
1529,1,0.75,0.08,19820,138740,7,0.005,0.1,28.98275349,TRUE
1530,1,0.75,0.08,19820,138740,7,0.005,0.3,16.73320053,TRUE
1531,1,0.75,0.08,19820,198200,10,0.25,0.1,4.898979486,TRUE
1532,1,0.75,0.08,19820,198200,10,0.25,0.3,2.828427125,TRUE
1533,1,0.75,0.08,19820,198200,10,0.01,0.1,24.49489743,TRUE
1534,1,0.75,0.08,19820,198200,10,0.01,0.3,14.14213562,TRUE
1535,1,0.75,0.08,19820,198200,10,0.005,0.1,34.64101615,TRUE
1536,1,0.75,0.08,19820,198200,10,0.005,0.3,20,TRUE
1537,1,0.75,0.27,100,100,1,0.25,0.1,2.846049894,TRUE
1538,1,0.75,0.27,100,100,1,0.25,0.3,1.643167673,TRUE
1539,1,0.75,0.27,100,100,1,0.01,0.1,14.23024947,TRUE
1540,1,0.75,0.27,100,100,1,0.01,0.3,8.215838363,TRUE
1541,1,0.75,0.27,100,100,1,0.005,0.1,20.1246118,TRUE
1542,1,0.75,0.27,100,100,1,0.005,0.3,11.61895004,TRUE
1543,1,0.75,0.27,100,250,2.5,0.25,0.1,4.5,TRUE
1544,1,0.75,0.27,100,250,2.5,0.25,0.3,2.598076211,TRUE
1545,1,0.75,0.27,100,250,2.5,0.01,0.1,22.5,TRUE
1546,1,0.75,0.27,100,250,2.5,0.01,0.3,12.99038106,TRUE
1547,1,0.75,0.27,100,250,2.5,0.005,0.1,31.81980515,TRUE
1548,1,0.75,0.27,100,250,2.5,0.005,0.3,18.37117307,TRUE
1549,1,0.75,0.27,100,700,7,0.25,0.1,7.529940239,TRUE
1550,1,0.75,0.27,100,700,7,0.25,0.3,4.347413024,TRUE
1551,1,0.75,0.27,100,700,7,0.01,0.1,37.64970119,TRUE
1552,1,0.75,0.27,100,700,7,0.01,0.3,21.73706512,TRUE
1553,1,0.75,0.27,100,700,7,0.005,0.1,53.24471805,TRUE
1554,1,0.75,0.27,100,700,7,0.005,0.3,30.7408523,TRUE
1555,1,0.75,0.27,100,1000,10,0.25,0.1,9,TRUE
1556,1,0.75,0.27,100,1000,10,0.25,0.3,5.196152423,TRUE
1557,1,0.75,0.27,100,1000,10,0.01,0.1,45,TRUE
1558,1,0.75,0.27,100,1000,10,0.01,0.3,25.98076211,TRUE
1559,1,0.75,0.27,100,1000,10,0.005,0.1,63.63961031,TRUE
1560,1,0.75,0.27,100,1000,10,0.005,0.3,36.74234614,TRUE
1561,1,0.75,0.27,780,780,1,0.25,0.1,2.846049894,TRUE
1562,1,0.75,0.27,780,780,1,0.25,0.3,1.643167673,TRUE
1563,1,0.75,0.27,780,780,1,0.01,0.1,14.23024947,TRUE
1564,1,0.75,0.27,780,780,1,0.01,0.3,8.215838363,TRUE
1565,1,0.75,0.27,780,780,1,0.005,0.1,20.1246118,TRUE
1566,1,0.75,0.27,780,780,1,0.005,0.3,11.61895004,TRUE
1567,1,0.75,0.27,780,1950,2.5,0.25,0.1,4.5,TRUE
1568,1,0.75,0.27,780,1950,2.5,0.25,0.3,2.598076211,TRUE
1569,1,0.75,0.27,780,1950,2.5,0.01,0.1,22.5,TRUE
1570,1,0.75,0.27,780,1950,2.5,0.01,0.3,12.99038106,TRUE
1571,1,0.75,0.27,780,1950,2.5,0.005,0.1,31.81980515,TRUE
1572,1,0.75,0.27,780,1950,2.5,0.005,0.3,18.37117307,TRUE
1573,1,0.75,0.27,780,5460,7,0.25,0.1,7.529940239,TRUE
1574,1,0.75,0.27,780,5460,7,0.25,0.3,4.347413024,TRUE
1575,1,0.75,0.27,780,5460,7,0.01,0.1,37.64970119,TRUE
1576,1,0.75,0.27,780,5460,7,0.01,0.3,21.73706512,TRUE
1577,1,0.75,0.27,780,5460,7,0.005,0.1,53.24471805,TRUE
1578,1,0.75,0.27,780,5460,7,0.005,0.3,30.7408523,TRUE
1579,1,0.75,0.27,780,7800,10,0.25,0.1,9,TRUE
1580,1,0.75,0.27,780,7800,10,0.25,0.3,5.196152423,TRUE
1581,1,0.75,0.27,780,7800,10,0.01,0.1,45,TRUE
1582,1,0.75,0.27,780,7800,10,0.01,0.3,25.98076211,TRUE
1583,1,0.75,0.27,780,7800,10,0.005,0.1,63.63961031,TRUE
1584,1,0.75,0.27,780,7800,10,0.005,0.3,36.74234614,TRUE
1585,1,0.75,0.27,37500,37500,1,0.25,0.1,2.846049894,TRUE
1586,1,0.75,0.27,37500,37500,1,0.25,0.3,1.643167673,TRUE
1587,1,0.75,0.27,37500,37500,1,0.01,0.1,14.23024947,TRUE
1588,1,0.75,0.27,37500,37500,1,0.01,0.3,8.215838363,TRUE
1589,1,0.75,0.27,37500,37500,1,0.005,0.1,20.1246118,TRUE
1590,1,0.75,0.27,37500,37500,1,0.005,0.3,11.61895004,TRUE
1591,1,0.75,0.27,37500,93750,2.5,0.25,0.1,4.5,TRUE
1592,1,0.75,0.27,37500,93750,2.5,0.25,0.3,2.598076211,TRUE
1593,1,0.75,0.27,37500,93750,2.5,0.01,0.1,22.5,TRUE
1594,1,0.75,0.27,37500,93750,2.5,0.01,0.3,12.99038106,TRUE
1595,1,0.75,0.27,37500,93750,2.5,0.005,0.1,31.81980515,TRUE
1596,1,0.75,0.27,37500,93750,2.5,0.005,0.3,18.37117307,TRUE
1597,1,0.75,0.27,37500,262500,7,0.25,0.1,7.529940239,TRUE
1598,1,0.75,0.27,37500,262500,7,0.25,0.3,4.347413024,TRUE
1599,1,0.75,0.27,37500,262500,7,0.01,0.1,37.64970119,TRUE
1600,1,0.75,0.27,37500,262500,7,0.01,0.3,21.73706512,TRUE
1601,1,0.75,0.27,37500,262500,7,0.005,0.1,53.24471805,TRUE
1602,1,0.75,0.27,37500,262500,7,0.005,0.3,30.7408523,TRUE
1603,1,0.75,0.27,37500,375000,10,0.25,0.1,9,TRUE
1604,1,0.75,0.27,37500,375000,10,0.25,0.3,5.196152423,TRUE
1605,1,0.75,0.27,37500,375000,10,0.01,0.1,45,TRUE
1606,1,0.75,0.27,37500,375000,10,0.01,0.3,25.98076211,TRUE
1607,1,0.75,0.27,37500,375000,10,0.005,0.1,63.63961031,TRUE
1608,1,0.75,0.27,37500,375000,10,0.005,0.3,36.74234614,TRUE
1609,1,0.75,0.27,19820,19820,1,0.25,0.1,2.846049894,TRUE
1610,1,0.75,0.27,19820,19820,1,0.25,0.3,1.643167673,TRUE
1611,1,0.75,0.27,19820,19820,1,0.01,0.1,14.23024947,TRUE
1612,1,0.75,0.27,19820,19820,1,0.01,0.3,8.215838363,TRUE
1613,1,0.75,0.27,19820,19820,1,0.005,0.1,20.1246118,TRUE
1614,1,0.75,0.27,19820,19820,1,0.005,0.3,11.61895004,TRUE
1615,1,0.75,0.27,19820,49550,2.5,0.25,0.1,4.5,TRUE
1616,1,0.75,0.27,19820,49550,2.5,0.25,0.3,2.598076211,TRUE
1617,1,0.75,0.27,19820,49550,2.5,0.01,0.1,22.5,TRUE
1618,1,0.75,0.27,19820,49550,2.5,0.01,0.3,12.99038106,TRUE
1619,1,0.75,0.27,19820,49550,2.5,0.005,0.1,31.81980515,TRUE
1620,1,0.75,0.27,19820,49550,2.5,0.005,0.3,18.37117307,TRUE
1621,1,0.75,0.27,19820,138740,7,0.25,0.1,7.529940239,TRUE
1622,1,0.75,0.27,19820,138740,7,0.25,0.3,4.347413024,TRUE
1623,1,0.75,0.27,19820,138740,7,0.01,0.1,37.64970119,TRUE
1624,1,0.75,0.27,19820,138740,7,0.01,0.3,21.73706512,TRUE
1625,1,0.75,0.27,19820,138740,7,0.005,0.1,53.24471805,TRUE
1626,1,0.75,0.27,19820,138740,7,0.005,0.3,30.7408523,TRUE
1627,1,0.75,0.27,19820,198200,10,0.25,0.1,9,TRUE
1628,1,0.75,0.27,19820,198200,10,0.25,0.3,5.196152423,TRUE
1629,1,0.75,0.27,19820,198200,10,0.01,0.1,45,TRUE
1630,1,0.75,0.27,19820,198200,10,0.01,0.3,25.98076211,TRUE
1631,1,0.75,0.27,19820,198200,10,0.005,0.1,63.63961031,TRUE
1632,1,0.75,0.27,19820,198200,10,0.005,0.3,36.74234614,TRUE
1633,1,0.75,0.6,100,100,1,0.25,0.1,4.242640687,TRUE
1634,1,0.75,0.6,100,100,1,0.25,0.3,2.449489743,TRUE
1635,1,0.75,0.6,100,100,1,0.01,0.1,21.21320344,TRUE
1636,1,0.75,0.6,100,100,1,0.01,0.3,12.24744871,TRUE
1637,1,0.75,0.6,100,100,1,0.005,0.1,30,TRUE
1638,1,0.75,0.6,100,100,1,0.005,0.3,17.32050808,TRUE
1639,1,0.75,0.6,100,250,2.5,0.25,0.1,6.708203932,TRUE
1640,1,0.75,0.6,100,250,2.5,0.25,0.3,3.872983346,TRUE
1641,1,0.75,0.6,100,250,2.5,0.01,0.1,33.54101966,TRUE
1642,1,0.75,0.6,100,250,2.5,0.01,0.3,19.36491673,TRUE
1643,1,0.75,0.6,100,250,2.5,0.005,0.1,47.4341649,TRUE
1644,1,0.75,0.6,100,250,2.5,0.005,0.3,27.38612788,TRUE
1645,1,0.75,0.6,100,700,7,0.25,0.1,11.22497216,TRUE
1646,1,0.75,0.6,100,700,7,0.25,0.3,6.480740698,TRUE
1647,1,0.75,0.6,100,700,7,0.01,0.1,56.1248608,TRUE
1648,1,0.75,0.6,100,700,7,0.01,0.3,32.40370349,TRUE
1649,1,0.75,0.6,100,700,7,0.005,0.1,79.37253933,TRUE
1650,1,0.75,0.6,100,700,7,0.005,0.3,45.82575695,TRUE
1651,1,0.75,0.6,100,1000,10,0.25,0.1,13.41640786,TRUE
1652,1,0.75,0.6,100,1000,10,0.25,0.3,7.745966692,TRUE
1653,1,0.75,0.6,100,1000,10,0.01,0.1,67.08203932,TRUE
1654,1,0.75,0.6,100,1000,10,0.01,0.3,38.72983346,TRUE
1655,1,0.75,0.6,100,1000,10,0.005,0.1,94.86832981,TRUE
1656,1,0.75,0.6,100,1000,10,0.005,0.3,54.77225575,TRUE
1657,1,0.75,0.6,780,780,1,0.25,0.1,4.242640687,TRUE
1658,1,0.75,0.6,780,780,1,0.25,0.3,2.449489743,TRUE
1659,1,0.75,0.6,780,780,1,0.01,0.1,21.21320344,TRUE
1660,1,0.75,0.6,780,780,1,0.01,0.3,12.24744871,TRUE
1661,1,0.75,0.6,780,780,1,0.005,0.1,30,TRUE
1662,1,0.75,0.6,780,780,1,0.005,0.3,17.32050808,TRUE
1663,1,0.75,0.6,780,1950,2.5,0.25,0.1,6.708203932,TRUE
1664,1,0.75,0.6,780,1950,2.5,0.25,0.3,3.872983346,TRUE
1665,1,0.75,0.6,780,1950,2.5,0.01,0.1,33.54101966,TRUE
1666,1,0.75,0.6,780,1950,2.5,0.01,0.3,19.36491673,TRUE
1667,1,0.75,0.6,780,1950,2.5,0.005,0.1,47.4341649,TRUE
1668,1,0.75,0.6,780,1950,2.5,0.005,0.3,27.38612788,TRUE
1669,1,0.75,0.6,780,5460,7,0.25,0.1,11.22497216,TRUE
1670,1,0.75,0.6,780,5460,7,0.25,0.3,6.480740698,TRUE
1671,1,0.75,0.6,780,5460,7,0.01,0.1,56.1248608,TRUE
1672,1,0.75,0.6,780,5460,7,0.01,0.3,32.40370349,TRUE
1673,1,0.75,0.6,780,5460,7,0.005,0.1,79.37253933,TRUE
1674,1,0.75,0.6,780,5460,7,0.005,0.3,45.82575695,TRUE
1675,1,0.75,0.6,780,7800,10,0.25,0.1,13.41640786,TRUE
1676,1,0.75,0.6,780,7800,10,0.25,0.3,7.745966692,TRUE
1677,1,0.75,0.6,780,7800,10,0.01,0.1,67.08203932,TRUE
1678,1,0.75,0.6,780,7800,10,0.01,0.3,38.72983346,TRUE
1679,1,0.75,0.6,780,7800,10,0.005,0.1,94.86832981,TRUE
1680,1,0.75,0.6,780,7800,10,0.005,0.3,54.77225575,TRUE
1681,1,0.75,0.6,37500,37500,1,0.25,0.1,4.242640687,TRUE
1682,1,0.75,0.6,37500,37500,1,0.25,0.3,2.449489743,TRUE
1683,1,0.75,0.6,37500,37500,1,0.01,0.1,21.21320344,TRUE
1684,1,0.75,0.6,37500,37500,1,0.01,0.3,12.24744871,TRUE
1685,1,0.75,0.6,37500,37500,1,0.005,0.1,30,TRUE
1686,1,0.75,0.6,37500,37500,1,0.005,0.3,17.32050808,TRUE
1687,1,0.75,0.6,37500,93750,2.5,0.25,0.1,6.708203932,TRUE
1688,1,0.75,0.6,37500,93750,2.5,0.25,0.3,3.872983346,TRUE
1689,1,0.75,0.6,37500,93750,2.5,0.01,0.1,33.54101966,TRUE
1690,1,0.75,0.6,37500,93750,2.5,0.01,0.3,19.36491673,TRUE
1691,1,0.75,0.6,37500,93750,2.5,0.005,0.1,47.4341649,TRUE
1692,1,0.75,0.6,37500,93750,2.5,0.005,0.3,27.38612788,TRUE
1693,1,0.75,0.6,37500,262500,7,0.25,0.1,11.22497216,TRUE
1694,1,0.75,0.6,37500,262500,7,0.25,0.3,6.480740698,TRUE
1695,1,0.75,0.6,37500,262500,7,0.01,0.1,56.1248608,TRUE
1696,1,0.75,0.6,37500,262500,7,0.01,0.3,32.40370349,TRUE
1697,1,0.75,0.6,37500,262500,7,0.005,0.1,79.37253933,TRUE
1698,1,0.75,0.6,37500,262500,7,0.005,0.3,45.82575695,TRUE
1699,1,0.75,0.6,37500,375000,10,0.25,0.1,13.41640786,TRUE
1700,1,0.75,0.6,37500,375000,10,0.25,0.3,7.745966692,TRUE
1701,1,0.75,0.6,37500,375000,10,0.01,0.1,67.08203932,TRUE
1702,1,0.75,0.6,37500,375000,10,0.01,0.3,38.72983346,TRUE
1703,1,0.75,0.6,37500,375000,10,0.005,0.1,94.86832981,TRUE
1704,1,0.75,0.6,37500,375000,10,0.005,0.3,54.77225575,TRUE
1705,1,0.75,0.6,19820,19820,1,0.25,0.1,4.242640687,TRUE
1706,1,0.75,0.6,19820,19820,1,0.25,0.3,2.449489743,TRUE
1707,1,0.75,0.6,19820,19820,1,0.01,0.1,21.21320344,TRUE
1708,1,0.75,0.6,19820,19820,1,0.01,0.3,12.24744871,TRUE
1709,1,0.75,0.6,19820,19820,1,0.005,0.1,30,TRUE
1710,1,0.75,0.6,19820,19820,1,0.005,0.3,17.32050808,TRUE
1711,1,0.75,0.6,19820,49550,2.5,0.25,0.1,6.708203932,TRUE
1712,1,0.75,0.6,19820,49550,2.5,0.25,0.3,3.872983346,TRUE
1713,1,0.75,0.6,19820,49550,2.5,0.01,0.1,33.54101966,TRUE
1714,1,0.75,0.6,19820,49550,2.5,0.01,0.3,19.36491673,TRUE
1715,1,0.75,0.6,19820,49550,2.5,0.005,0.1,47.4341649,TRUE
1716,1,0.75,0.6,19820,49550,2.5,0.005,0.3,27.38612788,TRUE
1717,1,0.75,0.6,19820,138740,7,0.25,0.1,11.22497216,TRUE
1718,1,0.75,0.6,19820,138740,7,0.25,0.3,6.480740698,TRUE
1719,1,0.75,0.6,19820,138740,7,0.01,0.1,56.1248608,TRUE
1720,1,0.75,0.6,19820,138740,7,0.01,0.3,32.40370349,TRUE
1721,1,0.75,0.6,19820,138740,7,0.005,0.1,79.37253933,TRUE
1722,1,0.75,0.6,19820,138740,7,0.005,0.3,45.82575695,TRUE
1723,1,0.75,0.6,19820,198200,10,0.25,0.1,13.41640786,TRUE
1724,1,0.75,0.6,19820,198200,10,0.25,0.3,7.745966692,TRUE
1725,1,0.75,0.6,19820,198200,10,0.01,0.1,67.08203932,TRUE
1726,1,0.75,0.6,19820,198200,10,0.01,0.3,38.72983346,TRUE
1727,1,0.75,0.6,19820,198200,10,0.005,0.1,94.86832981,TRUE
1728,1,0.75,0.6,19820,198200,10,0.005,0.3,54.77225575,TRUE
